index	seqName	clade	qc.overallScore	qc.overallStatus	totalSubstitutions	totalDeletions	totalInsertions	totalFrameShifts	totalMissing	totalNonACGTNs	totalAminoacidSubstitutions	totalAminoacidDeletions	totalAminoacidInsertions	totalUnknownAa	alignmentScore	alignmentStart	alignmentEnd	coverage	isReverseComplement	substitutions	deletions	insertions	frameShifts	aaSubstitutions	aaDeletions	aaInsertions	privateNucMutations.reversionSubstitutions	privateNucMutations.labeledSubstitutions	privateNucMutations.unlabeledSubstitutions	privateNucMutations.totalReversionSubstitutions	privateNucMutations.totalLabeledSubstitutions	privateNucMutations.totalUnlabeledSubstitutions	privateNucMutations.totalPrivateSubstitutions	missing	unknownAaRanges	nonACGTNs	qc.missingData.missingDataThreshold	qc.missingData.score	qc.missingData.status	qc.missingData.totalMissing	qc.mixedSites.mixedSitesThreshold	qc.mixedSites.score	qc.mixedSites.status	qc.mixedSites.totalMixedSites	qc.privateMutations.cutoff	qc.privateMutations.excess	qc.privateMutations.score	qc.privateMutations.status	qc.privateMutations.total	qc.snpClusters.clusteredSNPs	qc.snpClusters.score	qc.snpClusters.status	qc.snpClusters.totalSNPs	qc.frameShifts.frameShifts	qc.frameShifts.totalFrameShifts	qc.frameShifts.frameShiftsIgnored	qc.frameShifts.totalFrameShiftsIgnored	qc.frameShifts.score	qc.frameShifts.status	qc.stopCodons.stopCodons	qc.stopCodons.totalStopCodons	qc.stopCodons.score	qc.stopCodons.status	totalPcrPrimerChanges	pcrPrimerChanges	failedCdses	warnings	errors
3	m2-NqUrMx																																																																			When processing sequence #3 'm2-NqUrMx': When calculating seed matches: Unable to align: seed alignment was unable to find any matches that are long enough. Only matches of at least 40 nucleotides long are considered (configurable using 'min match length' CLI flag or dataset property). This is likely due to low quality of the provided sequence, or due to using incorrect reference sequence.
5	m2-NaDTTs																																																																			When processing sequence #5 'm2-NaDTTs': When calculating seed matches: Unable to align: seed alignment covers 3.61% of the query sequence, which is less than expected 10.00% (configurable using 'min seed cover' CLI flag or dataset property). This is likely due to low quality of the provided sequence, or due to using incorrect reference sequence.
6	m2-BdNxPR																																																																			When processing sequence #6 'm2-BdNxPR': When calculating seed matches: Unable to align: seed alignment covers 3.40% of the query sequence, which is less than expected 10.00% (configurable using 'min seed cover' CLI flag or dataset property). This is likely due to low quality of the provided sequence, or due to using incorrect reference sequence.
7	m2-3CuPYs																																																																			When processing sequence #7 'm2-3CuPYs': When calculating seed matches: Unable to align: seed alignment covers 3.39% of the query sequence, which is less than expected 10.00% (configurable using 'min seed cover' CLI flag or dataset property). This is likely due to low quality of the provided sequence, or due to using incorrect reference sequence.
8	m2-34KSAo																																																																			When processing sequence #8 'm2-34KSAo': When calculating seed matches: Unable to align: seed alignment covers 3.40% of the query sequence, which is less than expected 10.00% (configurable using 'min seed cover' CLI flag or dataset property). This is likely due to low quality of the provided sequence, or due to using incorrect reference sequence.
4	m2-2NXwCk																																																																			When processing sequence #4 'm2-2NXwCk': When calculating seed matches: Unable to align: seed alignment was unable to find any matches that are long enough. Only matches of at least 40 nucleotides long are considered (configurable using 'min match length' CLI flag or dataset property). This is likely due to low quality of the provided sequence, or due to using incorrect reference sequence.
10	m2-844sRF																																																																			When processing sequence #10 'm2-844sRF': When calculating seed matches: Unable to align: seed alignment covers 3.44% of the query sequence, which is less than expected 10.00% (configurable using 'min seed cover' CLI flag or dataset property). This is likely due to low quality of the provided sequence, or due to using incorrect reference sequence.
12	m2-h54gk9																																																																			When processing sequence #12 'm2-h54gk9': When calculating seed matches: Unable to align: seed alignment covers 3.67% of the query sequence, which is less than expected 10.00% (configurable using 'min seed cover' CLI flag or dataset property). This is likely due to low quality of the provided sequence, or due to using incorrect reference sequence.
14	m2-KtHTz8																																																																			When processing sequence #14 'm2-KtHTz8': When calculating seed matches: Unable to align: seed alignment covers 4.00% of the query sequence, which is less than expected 10.00% (configurable using 'min seed cover' CLI flag or dataset property). This is likely due to low quality of the provided sequence, or due to using incorrect reference sequence.
15	m2-F34WtX																																																																			When processing sequence #15 'm2-F34WtX': When calculating seed matches: Unable to align: seed alignment covers 3.39% of the query sequence, which is less than expected 10.00% (configurable using 'min seed cover' CLI flag or dataset property). This is likely due to low quality of the provided sequence, or due to using incorrect reference sequence.
16	m2-Y4rZ7q																																																																			When processing sequence #16 'm2-Y4rZ7q': When calculating seed matches: Unable to align: seed alignment covers 3.40% of the query sequence, which is less than expected 10.00% (configurable using 'min seed cover' CLI flag or dataset property). This is likely due to low quality of the provided sequence, or due to using incorrect reference sequence.
17	m2-oDzvGR																																																																			When processing sequence #17 'm2-oDzvGR': When calculating seed matches: Unable to align: seed alignment covers 3.29% of the query sequence, which is less than expected 10.00% (configurable using 'min seed cover' CLI flag or dataset property). This is likely due to low quality of the provided sequence, or due to using incorrect reference sequence.
11	m2-PQ5aTg																																																																			When processing sequence #11 'm2-PQ5aTg': When calculating seed matches: Unable to align: seed alignment covers 3.85% of the query sequence, which is less than expected 10.00% (configurable using 'min seed cover' CLI flag or dataset property). This is likely due to low quality of the provided sequence, or due to using incorrect reference sequence.
18	m2-LMD6ho																																																																			When processing sequence #18 'm2-LMD6ho': When calculating seed matches: Unable to align: seed alignment covers 3.69% of the query sequence, which is less than expected 10.00% (configurable using 'min seed cover' CLI flag or dataset property). This is likely due to low quality of the provided sequence, or due to using incorrect reference sequence.
19	m2-UZk6rp																																																																			When processing sequence #19 'm2-UZk6rp': When calculating seed matches: Unable to align: seed alignment covers 3.42% of the query sequence, which is less than expected 10.00% (configurable using 'min seed cover' CLI flag or dataset property). This is likely due to low quality of the provided sequence, or due to using incorrect reference sequence.
9	m2-gxCe5X																																																																			When processing sequence #9 'm2-gxCe5X': When calculating seed matches: Unable to align: seed alignment covers 3.40% of the query sequence, which is less than expected 10.00% (configurable using 'min seed cover' CLI flag or dataset property). This is likely due to low quality of the provided sequence, or due to using incorrect reference sequence.
13	m2-mVqwfv																																																																			When processing sequence #13 'm2-mVqwfv': When calculating seed matches: Unable to align: seed alignment covers 3.43% of the query sequence, which is less than expected 10.00% (configurable using 'min seed cover' CLI flag or dataset property). This is likely due to low quality of the provided sequence, or due to using incorrect reference sequence.
21	m2-9jS4Ro																																																																			When processing sequence #21 'm2-9jS4Ro': When calculating seed matches: Unable to align: seed alignment covers 3.67% of the query sequence, which is less than expected 10.00% (configurable using 'min seed cover' CLI flag or dataset property). This is likely due to low quality of the provided sequence, or due to using incorrect reference sequence.
22	m2-c4imMZ																																																																			When processing sequence #22 'm2-c4imMZ': When calculating seed matches: Unable to align: seed alignment covers 3.13% of the query sequence, which is less than expected 10.00% (configurable using 'min seed cover' CLI flag or dataset property). This is likely due to low quality of the provided sequence, or due to using incorrect reference sequence.
25	m2-ujTsiu																																																																			When processing sequence #25 'm2-ujTsiu': When calculating seed matches: Unable to align: seed alignment covers 3.68% of the query sequence, which is less than expected 10.00% (configurable using 'min seed cover' CLI flag or dataset property). This is likely due to low quality of the provided sequence, or due to using incorrect reference sequence.
26	m2-gYFizT																																																																			When processing sequence #26 'm2-gYFizT': When calculating seed matches: Unable to align: seed alignment covers 3.68% of the query sequence, which is less than expected 10.00% (configurable using 'min seed cover' CLI flag or dataset property). This is likely due to low quality of the provided sequence, or due to using incorrect reference sequence.
27	m2-hU5TjU																																																																			When processing sequence #27 'm2-hU5TjU': When calculating seed matches: Unable to align: seed alignment covers 3.82% of the query sequence, which is less than expected 10.00% (configurable using 'min seed cover' CLI flag or dataset property). This is likely due to low quality of the provided sequence, or due to using incorrect reference sequence.
23	m2-ABxNA9																																																																			When processing sequence #23 'm2-ABxNA9': When calculating seed matches: Unable to align: seed alignment covers 3.53% of the query sequence, which is less than expected 10.00% (configurable using 'min seed cover' CLI flag or dataset property). This is likely due to low quality of the provided sequence, or due to using incorrect reference sequence.
20	m2-q8yvBm																																																																			When processing sequence #20 'm2-q8yvBm': When calculating seed matches: Unable to align: seed alignment covers 3.71% of the query sequence, which is less than expected 10.00% (configurable using 'min seed cover' CLI flag or dataset property). This is likely due to low quality of the provided sequence, or due to using incorrect reference sequence.
24	m2-TUofv5																																																																			When processing sequence #24 'm2-TUofv5': When calculating seed matches: Unable to align: seed alignment covers 3.46% of the query sequence, which is less than expected 10.00% (configurable using 'min seed cover' CLI flag or dataset property). This is likely due to low quality of the provided sequence, or due to using incorrect reference sequence.
29	m2-sZ4qK3																																																																			When processing sequence #29 'm2-sZ4qK3': When calculating seed matches: Unable to align: seed alignment covers 3.16% of the query sequence, which is less than expected 10.00% (configurable using 'min seed cover' CLI flag or dataset property). This is likely due to low quality of the provided sequence, or due to using incorrect reference sequence.
33	m2-ED6Fyo																																																																			When processing sequence #33 'm2-ED6Fyo': When calculating seed matches: Unable to align: seed alignment covers 3.36% of the query sequence, which is less than expected 10.00% (configurable using 'min seed cover' CLI flag or dataset property). This is likely due to low quality of the provided sequence, or due to using incorrect reference sequence.
28	m2-RgZWrD																																																																			When processing sequence #28 'm2-RgZWrD': When calculating seed matches: Unable to align: seed alignment covers 3.51% of the query sequence, which is less than expected 10.00% (configurable using 'min seed cover' CLI flag or dataset property). This is likely due to low quality of the provided sequence, or due to using incorrect reference sequence.
32	m2-fChozQ																																																																			When processing sequence #32 'm2-fChozQ': When calculating seed matches: Unable to align: seed alignment covers 3.40% of the query sequence, which is less than expected 10.00% (configurable using 'min seed cover' CLI flag or dataset property). This is likely due to low quality of the provided sequence, or due to using incorrect reference sequence.
34	m2-SccDgj																																																																			When processing sequence #34 'm2-SccDgj': When calculating seed matches: Unable to align: seed alignment covers 3.43% of the query sequence, which is less than expected 10.00% (configurable using 'min seed cover' CLI flag or dataset property). This is likely due to low quality of the provided sequence, or due to using incorrect reference sequence.
36	m2-WpJqxj																																																																			When processing sequence #36 'm2-WpJqxj': When calculating seed matches: Unable to align: seed alignment covers 3.39% of the query sequence, which is less than expected 10.00% (configurable using 'min seed cover' CLI flag or dataset property). This is likely due to low quality of the provided sequence, or due to using incorrect reference sequence.
31	m2-Mp25Fk																																																																			When processing sequence #31 'm2-Mp25Fk': When calculating seed matches: Unable to align: seed alignment covers 3.66% of the query sequence, which is less than expected 10.00% (configurable using 'min seed cover' CLI flag or dataset property). This is likely due to low quality of the provided sequence, or due to using incorrect reference sequence.
30	m2-LX4eJE																																																																			When processing sequence #30 'm2-LX4eJE': When calculating seed matches: Unable to align: seed alignment covers 3.39% of the query sequence, which is less than expected 10.00% (configurable using 'min seed cover' CLI flag or dataset property). This is likely due to low quality of the provided sequence, or due to using incorrect reference sequence.
38	m2-53qCwY																																																																			When processing sequence #38 'm2-53qCwY': When calculating seed matches: Unable to align: seed alignment covers 3.22% of the query sequence, which is less than expected 10.00% (configurable using 'min seed cover' CLI flag or dataset property). This is likely due to low quality of the provided sequence, or due to using incorrect reference sequence.
39	m2-BvdErP																																																																			When processing sequence #39 'm2-BvdErP': When calculating seed matches: Unable to align: seed alignment covers 3.40% of the query sequence, which is less than expected 10.00% (configurable using 'min seed cover' CLI flag or dataset property). This is likely due to low quality of the provided sequence, or due to using incorrect reference sequence.
35	m2-jCKGBv																																																																			When processing sequence #35 'm2-jCKGBv': When calculating seed matches: Unable to align: seed alignment covers 3.40% of the query sequence, which is less than expected 10.00% (configurable using 'min seed cover' CLI flag or dataset property). This is likely due to low quality of the provided sequence, or due to using incorrect reference sequence.
40	m2-3H2Wig																																																																			When processing sequence #40 'm2-3H2Wig': When calculating seed matches: Unable to align: seed alignment covers 3.67% of the query sequence, which is less than expected 10.00% (configurable using 'min seed cover' CLI flag or dataset property). This is likely due to low quality of the provided sequence, or due to using incorrect reference sequence.
41	m2-P9mWJr																																																																			When processing sequence #41 'm2-P9mWJr': When calculating seed matches: Unable to align: seed alignment covers 3.91% of the query sequence, which is less than expected 10.00% (configurable using 'min seed cover' CLI flag or dataset property). This is likely due to low quality of the provided sequence, or due to using incorrect reference sequence.
42	m2-mzMRtV																																																																			When processing sequence #42 'm2-mzMRtV': When calculating seed matches: Unable to align: seed alignment covers 3.43% of the query sequence, which is less than expected 10.00% (configurable using 'min seed cover' CLI flag or dataset property). This is likely due to low quality of the provided sequence, or due to using incorrect reference sequence.
43	m2-4PF58Q																																																																			When processing sequence #43 'm2-4PF58Q': When calculating seed matches: Unable to align: seed alignment covers 3.41% of the query sequence, which is less than expected 10.00% (configurable using 'min seed cover' CLI flag or dataset property). This is likely due to low quality of the provided sequence, or due to using incorrect reference sequence.
44	m2-pCrZWV																																																																			When processing sequence #44 'm2-pCrZWV': When calculating seed matches: Unable to align: seed alignment covers 3.43% of the query sequence, which is less than expected 10.00% (configurable using 'min seed cover' CLI flag or dataset property). This is likely due to low quality of the provided sequence, or due to using incorrect reference sequence.
45	m2-v72khW																																																																			When processing sequence #45 'm2-v72khW': When calculating seed matches: Unable to align: seed alignment covers 3.14% of the query sequence, which is less than expected 10.00% (configurable using 'min seed cover' CLI flag or dataset property). This is likely due to low quality of the provided sequence, or due to using incorrect reference sequence.
47	m2-y58Q75																																																																			When processing sequence #47 'm2-y58Q75': When calculating seed matches: Unable to align: seed alignment covers 4.02% of the query sequence, which is less than expected 10.00% (configurable using 'min seed cover' CLI flag or dataset property). This is likely due to low quality of the provided sequence, or due to using incorrect reference sequence.
46	m2-YztDkU																																																																			When processing sequence #46 'm2-YztDkU': When calculating seed matches: Unable to align: seed alignment covers 3.40% of the query sequence, which is less than expected 10.00% (configurable using 'min seed cover' CLI flag or dataset property). This is likely due to low quality of the provided sequence, or due to using incorrect reference sequence.
37	m2-wfEdma																																																																			When processing sequence #37 'm2-wfEdma': When calculating seed matches: Unable to align: seed alignment covers 3.40% of the query sequence, which is less than expected 10.00% (configurable using 'min seed cover' CLI flag or dataset property). This is likely due to low quality of the provided sequence, or due to using incorrect reference sequence.
48	m2-MjqpEV																																																																			When processing sequence #48 'm2-MjqpEV': When calculating seed matches: Unable to align: seed alignment covers 3.47% of the query sequence, which is less than expected 10.00% (configurable using 'min seed cover' CLI flag or dataset property). This is likely due to low quality of the provided sequence, or due to using incorrect reference sequence.
49	m2-TcfHz7																																																																			When processing sequence #49 'm2-TcfHz7': When calculating seed matches: Unable to align: seed alignment covers 3.65% of the query sequence, which is less than expected 10.00% (configurable using 'min seed cover' CLI flag or dataset property). This is likely due to low quality of the provided sequence, or due to using incorrect reference sequence.
51	m2-e3Nkuo																																																																			When processing sequence #51 'm2-e3Nkuo': When calculating seed matches: Unable to align: seed alignment covers 3.82% of the query sequence, which is less than expected 10.00% (configurable using 'min seed cover' CLI flag or dataset property). This is likely due to low quality of the provided sequence, or due to using incorrect reference sequence.
50	m2-zhhg9e																																																																			When processing sequence #50 'm2-zhhg9e': When calculating seed matches: Unable to align: seed alignment covers 3.41% of the query sequence, which is less than expected 10.00% (configurable using 'min seed cover' CLI flag or dataset property). This is likely due to low quality of the provided sequence, or due to using incorrect reference sequence.
53	m2-sJs93G																																																																			When processing sequence #53 'm2-sJs93G': When calculating seed matches: Unable to align: seed alignment covers 3.69% of the query sequence, which is less than expected 10.00% (configurable using 'min seed cover' CLI flag or dataset property). This is likely due to low quality of the provided sequence, or due to using incorrect reference sequence.
54	m2-LTGmFn																																																																			When processing sequence #54 'm2-LTGmFn': When calculating seed matches: Unable to align: seed alignment covers 3.57% of the query sequence, which is less than expected 10.00% (configurable using 'min seed cover' CLI flag or dataset property). This is likely due to low quality of the provided sequence, or due to using incorrect reference sequence.
55	m2-9KEquH																																																																			When processing sequence #55 'm2-9KEquH': When calculating seed matches: Unable to align: seed alignment covers 3.39% of the query sequence, which is less than expected 10.00% (configurable using 'min seed cover' CLI flag or dataset property). This is likely due to low quality of the provided sequence, or due to using incorrect reference sequence.
56	m2-3UqUSN																																																																			When processing sequence #56 'm2-3UqUSN': When calculating seed matches: Unable to align: seed alignment covers 3.40% of the query sequence, which is less than expected 10.00% (configurable using 'min seed cover' CLI flag or dataset property). This is likely due to low quality of the provided sequence, or due to using incorrect reference sequence.
57	m2-Kyii3a																																																																			When processing sequence #57 'm2-Kyii3a': When calculating seed matches: Unable to align: seed alignment covers 3.65% of the query sequence, which is less than expected 10.00% (configurable using 'min seed cover' CLI flag or dataset property). This is likely due to low quality of the provided sequence, or due to using incorrect reference sequence.
52	m2-WydUVb																																																																			When processing sequence #52 'm2-WydUVb': When calculating seed matches: Unable to align: seed alignment covers 3.70% of the query sequence, which is less than expected 10.00% (configurable using 'min seed cover' CLI flag or dataset property). This is likely due to low quality of the provided sequence, or due to using incorrect reference sequence.
58	m2-KaJ5Pe																																																																			When processing sequence #58 'm2-KaJ5Pe': When calculating seed matches: Unable to align: seed alignment covers 3.68% of the query sequence, which is less than expected 10.00% (configurable using 'min seed cover' CLI flag or dataset property). This is likely due to low quality of the provided sequence, or due to using incorrect reference sequence.
59	m2-sSV2Bt																																																																			When processing sequence #59 'm2-sSV2Bt': When calculating seed matches: Unable to align: seed alignment covers 3.40% of the query sequence, which is less than expected 10.00% (configurable using 'min seed cover' CLI flag or dataset property). This is likely due to low quality of the provided sequence, or due to using incorrect reference sequence.
60	m2-aEURHb																																																																			When processing sequence #60 'm2-aEURHb': When calculating seed matches: Unable to align: seed alignment covers 3.20% of the query sequence, which is less than expected 10.00% (configurable using 'min seed cover' CLI flag or dataset property). This is likely due to low quality of the provided sequence, or due to using incorrect reference sequence.
61	51199_1_38|16.12.2024|Switzerland|BS	dummy	30.760000	mediocre	797	0	0	0	3	0	172	0	0	0	43609	1	15600	0.9998076923076923	false	G13A,A107T,T108A,T112C,T113C,C125T,G128A,T152C,T155C,A164G,T200C,C221A,C308T,C365T,T374C,G377A,T401C,A433G,A455G,T524C,A534G,T549C,G584A,T651C,A659G,G722A,T734C,C743T,T773C,A824G,G830A,C848T,T858C,A917G,C935T,C969T,T983C,A996C,G1007A,A1085T,C1133T,T1157C,G1166A,C1205T,C1206T,T1238C,G1259A,T1283C,G1295A,G1313A,G1340C,G1349A,T1352C,T1367C,C1394T,T1408C,C1409A,T1418C,C1425A,G1427A,C1433T,G1436A,A1443G,C1451T,T1457C,T1472C,G1478C,T1480C,G1483A,G1504A,T1520C,A1541G,C1549T,T1553C,C1583T,C1586T,A1592G,A1601G,A1602G,G1607A,A1612G,T1616C,A1619G,C1627T,C1643T,G1649A,C1702A,A1710G,A1715G,G1716A,A1751G,G1761A,C1769T,C1779T,C1782T,G1793A,G1874A,A1882G,T1949C,A1966C,G1997A,A2017G,C2027T,G2039T,C2041T,C2053T,A2071G,G2103A,G2108A,A2111G,A2117G,A2126G,G2171A,A2174G,T2261C,C2264T,A2273G,C2294T,T2295C,C2328T,A2378G,C2387T,G2408A,C2485T,C2574T,G2578A,G2580A,T2581C,A2607G,A2609G,T2611A,C2614T,C2643T,A2645G,G2654A,A2659G,T2663C,C2671T,T2678C,T2689C,C2691A,G2721A,C2725T,C2749T,C2751T,T2758C,C2769T,C2770T,C2785A,G2797A,A2799G,C2803T,A2804G,T2813C,G2815A,C2818T,A2836G,A2863G,A2936C,A2969C,A3044G,C3052T,G3055A,C3064T,C3073T,G3076A,A3085G,A3088G,C3097T,C3112T,C3116T,C3127T,T3142C,A3161G,T3163C,C3164T,G3168A,T3175C,G3181A,G3217A,A3223G,C3238T,G3260A,T3262C,A3265G,C3280T,T3281C,G3301A,A3315G,T3319C,G3322A,A3335T,G3346A,C3370T,T3397C,T3418C,T3430C,T3444C,G3454A,C3469T,T3475C,C3482A,G3514A,C3520T,G3555A,T3560C,C3592T,C3598T,A3600G,T3611C,C3621T,G3654A,G3666A,T3734C,C3752T,A3830G,T3845C,T3866C,A3896G,C3923T,T3972C,C3992T,A4010G,A4130G,T4136C,C4160T,G4172A,T4187C,A4199G,T4208C,T4217C,T4241C,G4268A,C4272T,C4275T,G4288A,G4304A,A4316G,C4329T,A4376T,G4400A,C4421T,A4430G,C4484T,C4526T,A4529G,A4535T,A4541G,C4553T,T4559C,A4613G,T4628C,C4637T,T4661C,C4691T,A4700G,G4708A,T4719C,T4731C,T4757C,T4763C,T4771C,C4825T,T4828C,C4831T,T4836C,G4840A,C4846T,T4863C,T4869A,G4875A,A4880G,G4897A,G4906A,C4909T,T4914C,C4927A,A4930G,C4933G,A4957G,G4958A,G4960A,G4963C,A4967G,T4977C,A4982C,A4996G,G5002A,G5009C,G5018T,T5036C,T5037C,A5045G,T5053C,T5054C,C5060T,T5062A,A5087G,A5095G,A5096T,T5109C,A5123G,T5127C,A5153G,A5165T,T5253C,A5264C,C5271T,T5339C,T5384C,T5408C,T5444C,A5477G,G5486A,C5489A,T5496C,T5543C,C5552T,C5574T,G5615A,A5648G,T5685C,C5833T,T5834C,G5840A,A5849G,C5861T,G5879A,G5885A,C5918T,C5966T,G5969A,C6026T,C6062T,G6104A,T6194C,A6212G,C6224T,C6233A,G6248A,G6281A,G6316A,T6323C,C6329T,C6341T,C6347T,A6356T,A6398G,C6401T,T6407C,T6467C,T6468C,G6500A,C6506T,A6512T,C6518T,G6524A,C6565A,G6587T,C6602T,A6603G,G6624A,T6650C,G6663A,T6674C,C6681A,T6683C,A6685G,C6690T,G6693A,G6724A,A6725G,T6728C,T6740C,A6744T,C6746T,C6749T,T6782C,A6797G,C6800A,A6814T,C6816T,G6823A,C6828T,A6829G,C6831T,T6866C,T6872C,T6874C,G6884A,C6889T,T6892C,C6901T,A6910G,A6911G,A6914G,A6925T,G6949A,C6956T,T6959C,C6971T,T6983C,G7020A,A7026G,A7035G,G7038A,T7039C,T7041C,T7047C,C7061A,A7082G,A7085G,T7111C,C7127T,A7128G,A7145G,T7147C,A7187G,C7199T,C7205T,G7294A,A7297G,A7319G,C7325T,T7331C,C7349A,T7353A,T7355C,C7370T,G7394A,C7418T,C7460T,A7461T,T7481C,T7517C,T7523C,C7532T,A7553G,C7598T,C7652T,C7658T,G7667A,T7706C,C7745T,G7751A,T7769C,G7796A,C7844T,T7856C,G7868A,A7889G,A7896G,A7905G,G7916A,C7919T,G7947A,T7952C,A7966G,G7969A,A7974C,T7982C,C8060T,A8102T,C8123T,T8138G,T8156C,T8189C,C8202T,T8217C,A8219G,C8231A,A8235G,A8246T,G8250A,T8258C,G8259A,A8260G,T8270A,A8284C,A8299T,G8305A,T8309C,T8336C,A8351T,T8357C,T8360C,C8399T,C8417T,T8430G,G8442A,T8447C,G8468A,T8473G,C8475A,C8478T,A8504G,T8516C,G8522A,G8559A,A8576C,A8601G,C8603T,A8610G,A8639G,A8641G,C8644T,C8647G,G8664T,G8677A,G8680A,A8684G,C8697T,G8701A,A8706G,A8769G,A8770G,A8782T,G8831A,C8834T,A8846T,C8870T,T8882C,C8894T,G8898A,A8981G,A8993G,C8996A,A9001G,T9063C,C9072T,C9095T,G9164A,G9227A,C9243T,A9366G,C9374T,T9401C,G9404A,A9410C,A9476G,A9482G,A9509G,A9542G,G9562A,A9578G,G9584A,C9605T,A9623G,A9641G,C9642T,A9647G,C9680T,A9698G,C9707T,T9734C,A9749G,A9791G,A9881G,C9923A,C9939T,T9974C,G9975A,C10028T,A10038G,G10061A,G10117A,G10154A,G10196A,C10238T,A10259G,A10271G,T10283C,T10319C,C10327A,T10331A,T10340C,G10349A,C10370T,T10412C,T10448C,A10460G,C10463T,C10482T,A10484G,A10508G,C10574T,T10580C,T10607C,C10613T,C10634A,G10664A,A10679G,G10682A,A10692C,C10700T,C10708T,C10712T,G10727C,C10737T,C10742T,C10754T,C10757T,T10761C,C10778T,G10802A,C10808T,T10844A,C10847T,T10898C,C10914T,T10943C,A10953G,C10967A,G10982A,G10991A,C11000T,A11018G,A11054G,G11069T,A11081C,T11099C,C11114T,C11126T,A11147G,C11156T,A11168G,C11189A,A11198G,A11225G,G11237A,G11276A,T11348C,C11363T,C11375T,C11381T,T11495A,C11519A,A11521G,A11573G,C11579T,T11661C,A11663G,T11688C,C11735T,T11745C,T11750C,T11765C,T11777C,C11780T,C11786T,C11858T,C11900T,C11903T,T11961C,T11966C,C11999T,G12017A,C12041T,G12044A,T12069C,A12098G,T12104C,G12134A,T12137C,T12143C,A12297G,A12305G,A12320G,G12323A,C12512T,T12530C,C12572T,C12611T,C12638T,C12641T,A12671G,A12695G,T12701C,C12702A,G12743A,G12752A,T12809C,C12938T,G12953A,G12992A,C13002T,T13008C,G13019A,G13024A,A13040G,T13094C,T13133C,T13145C,A13151G,A13199G,T13214C,T13221C,G13241A,T13281C,G13287A,G13319A,C13353T,A13436G,T13439C,C13448T,C13499T,C13502T,C13526T,G13532A,C13559T,A13563C,G13643A,G13655A,C13682T,A13694G,T13715C,C13721T,C13754T,G13781A,C13790T,G13835A,C13871T,C13881T,A13883G,C13934T,G13982A,T13988C,G14012A,A14024G,T14045C,G14123A,T14246C,T14331C,A14360G,T14363C,G14366A,A14390G,G14507T,T14511C,A14519G,C14534T,G14555A,T14571C,A14582G,T14625C,T14631C,C14700T,G14702A,T14789C,C14808T,T14850C,A14858G,C14951T,T14957C,A15011G,G15029A,C15036A,C15047T,C15049T,G15131A,C15171T,G15182A,A15191G,C15194T,T15197A,A15206G,T15219C,C15239T,C15251T,G15263A,G15362A,A15393G,C15395T,C15397T,A15398G,G15428T,C15431T,C15434T,C15438T,C15457T,T15459A,C15460T,C15469T,T15475A,G15490A,C15495T,G15503A,T15507C,T15513A,T15517C,C15520A,T15521A,G15534T,T15545C,T15546A,C15548A,C15551A				C:K10R,C:Q38P,C:M48I,C:K55R,C:K62N,C:P63L,C:T67I,C:Q73R,C:G84R,Cp:K25R,Cp:Q53P,Cp:M63I,Cp:K70R,Cp:K77N,Cp:P78L,Cp:T82I,Cp:Q88R,Cp:G99R,F:K3S,F:F8L,F:E26D,F:L163F,F:T249I,F:R410K,F:T493K,F:M500I,F:I506V,F:G513S,F:V526I,F:H532N,F:N533S,F:P535S,F:V536I,F:R546K,F:N553Y,HN:E3G,HN:N8I,HN:R16Q,HN:A40T,HN:T42A,HN:T45A,HN:V46T,HN:F49L,HN:I60M,HN:I70T,HN:M76V,HN:I82T,HN:R131K,HN:Q132R,HN:S151T,HN:T187S,HN:N332D,HN:I335V,HN:D349N,HN:N355S,HN:R356K,HN:T358P,HN:N443K,HN:M445V,HN:K448N,HN:A450T,HN:E453R,HN:Q461P,HN:Y466F,HN:R468K,HN:S510A,HN:E514K,HN:V524G,HN:Q525K,HN:A553T,HN:L558F,HN:I567V,HN:I570V,L:Q4L,L:D43N,L:K77R,L:P158S,L:N199D,L:C264Y,L:A402T,L:N423D,L:S449N,L:A519E,L:D520E,L:N641H,L:A646V,L:P715S,L:T728A,L:K917R,L:I1176V,L:R1418K,L:V1506I,L:N1598H,L:A2093V,L:S2208G,L:T2209M,L:Q2223*,M:R207K,M:R347K,N:N105S,N:I139V,N:I293L,N:V430A,N:T442A,N:I454T,N:S455N,N:R462H,N:T477I,N:S495G,N:N498S,N:T503I,P:D11N,P:G52S,P:P62S,P:A66S,P:G87E,P:G89R,P:I90V,P:R92G,P:S95G,P:G110S,P:I111V,P:S140P,P:P141S,P:R144G,P:L151S,P:S162F,P:R179G,P:P182S,P:G189S,P:T244I,P:S246N,P:E255G,P:N256E,P:T267I,P:S268G,P:V271I,P:S274P,P:S279P,P:P283Q,P:R293K,P:T303I,P:P309L,P:E319G,P:S321G,P:S324P,P:K365Q,P:I376L,P:N401D,P:N440D,P:P441S,P:S442N,P:G473S,P:K491R,P:N498Y,P:V534A,Y1:Q15P,Y1:M25I,Y1:K32R,Y1:K39N,Y1:P40L,Y1:T44I,Y1:Q50R,Y1:G61R,Y2:Q9P,Y2:M19I,Y2:K26R,Y2:K33N,Y2:P34L,Y2:T38I,Y2:Q44R,Y2:G55R			C1005T,T3211C		T549C,C935T,T1472C,C2671T,A2863G,T3163C,C3923T,C4272T,C6224T,C6901T,T7523C,C7844T,A8235G,A8601G,G8898A,C8996A,A9410C,T10607C,C12638T,G13835A	2	0	20	22	15598-15600			3500	0	good	3	15	0	good	0	100	24	24	good	32		0	good	0		0		0	0	good	L:2222	1	50	mediocre	0				
63	51199_1_58|12.12.2024|Switzerland|BL	dummy	112.360000	bad	775	0	0	0	2	0	167	0	0	0	43698	1	15600	0.9998717948717949	false	G13A,A107T,T108A,T112C,T113C,C125T,G128A,C146T,T152C,T155C,A164G,C221A,T227C,C296T,C308T,C365T,T374C,T401C,A433G,T449C,A455G,G470A,T524C,A534G,G542A,G584A,T588C,C620T,T651C,A659G,T734C,C743T,T773C,A824G,G830A,C848T,T858C,C969T,T983C,A996C,T1005C,G1007A,C1094T,A1112G,C1133T,T1157C,G1166A,C1206T,A1208G,T1238C,G1259A,T1283C,G1295A,T1310C,G1313A,G1340C,G1349A,T1352C,T1367C,C1394T,T1408C,C1409A,T1418C,T1424C,C1425A,G1436A,A1443G,C1451T,T1457C,T1472C,G1478C,T1480C,G1483A,G1504A,T1520C,C1549T,T1553C,G1597A,T1600C,G1607A,A1612G,T1616C,C1627T,C1643T,G1649A,A1688G,C1702A,A1710G,T1711C,A1751G,C1769T,C1777T,C1779T,C1782T,G1793A,G1874A,A1882G,T1949C,A1966C,G1997A,G2026A,C2027T,G2039T,C2041T,C2053T,A2071G,T2075C,G2103A,G2108A,A2111G,A2117G,A2126G,A2174G,T2261C,C2264T,C2294T,T2295C,C2328T,T2360C,A2378G,C2387T,G2408A,C2485T,G2539A,C2542T,G2580A,T2581C,A2607G,A2609G,T2611A,C2643T,A2645G,G2654A,A2659G,C2664T,C2671T,T2678C,A2687C,C2691A,G2721A,C2725T,C2749T,T2758C,C2770T,C2785A,G2797A,A2799G,A2800G,A2801G,C2803T,A2804G,T2813C,G2815A,C2818T,T2834C,A2836G,A2936C,A2969C,A3044G,C3052T,C3064T,C3073T,G3076A,A3085G,A3088G,C3112T,C3121T,C3127T,T3142C,A3160G,A3161G,C3164T,G3168A,T3175C,G3181A,C3211T,G3217A,A3223G,C3238T,G3260A,T3262C,A3265G,C3280T,T3281C,G3301A,A3315G,T3319C,G3322A,A3334G,A3335T,G3346A,C3370T,T3397C,G3400A,T3418C,C3421T,T3444C,G3454A,T3457C,C3469T,T3475C,C3482A,T3499C,G3514A,C3520T,T3544C,G3555A,T3560C,C3592T,C3598T,C3603A,T3611C,G3654A,G3666A,T3734C,T3767C,A3830G,T3845C,A3896G,T3972C,C3992T,A4010G,A4028G,T4052C,A4130G,T4136C,C4160T,G4172A,T4187C,A4199G,T4208C,T4217C,G4268A,C4275T,G4288A,G4304A,C4329T,A4376T,G4400A,C4421T,A4430G,C4484T,C4526T,A4529G,A4535T,A4541G,G4545T,C4553T,T4559C,T4604C,A4613G,T4628C,C4637T,T4661C,C4691T,G4708A,A4714G,C4726A,T4731C,T4763C,T4771C,G4775A,C4825T,T4828C,C4831T,T4836C,G4840A,C4846T,T4863C,T4869A,A4880G,G4897A,G4906A,T4914C,C4927A,A4930G,C4933G,A4957G,G4958A,G4960A,G4963C,A4972G,T4977C,A4982C,A4996G,A4999G,G5002A,G5009C,G5018C,T5036C,T5037C,T5053C,T5054C,C5060T,T5062A,T5065C,A5087G,A5095T,A5096T,T5109C,T5110C,A5123G,T5127C,A5153G,A5165T,T5253C,A5264C,C5271T,T5330A,T5339C,T5384C,T5408C,T5444C,A5477G,G5486A,C5489A,T5496C,T5501C,G5522A,T5543C,C5574T,A5648G,T5685C,T5756C,A5768G,C5833T,T5834C,G5840A,G5879A,G5885A,C5918T,C5927T,G5969A,A6008C,C6026T,C6062T,A6068G,G6104A,T6128C,T6146C,T6194C,A6212G,C6233A,G6248A,G6281A,G6316A,T6323C,C6341T,C6347T,A6356T,A6398G,C6401T,T6407C,C6446A,T6464C,T6467C,T6468C,G6500A,C6506T,A6512T,C6518T,G6524A,C6565A,G6587C,G6599A,C6602T,A6603G,T6623C,G6624A,G6663A,T6674C,C6681A,G6693A,A6725G,T6728C,A6744C,C6749T,T6782C,A6797G,C6800A,C6804T,C6807T,A6814T,C6816T,G6823A,C6828T,A6829G,C6831T,T6861A,T6866C,T6872C,T6874C,A6881G,G6884A,C6889T,C6897T,C6901T,A6914G,A6925T,C6956T,T6959C,C6971T,T6983C,G7020A,A7026G,A7035G,G7038A,T7039C,T7041C,T7047C,C7061A,A7082G,A7085G,T7111C,G7119T,A7128G,T7147C,A7154G,A7187G,C7199T,G7294A,A7297G,T7302C,A7319G,C7325T,C7349A,T7353A,C7370T,G7394A,C7418T,C7460T,A7461T,T7481C,A7583G,C7658T,C7745T,T7769C,C7781T,G7796A,T7811C,G7868A,A7889G,A7896G,A7905G,G7916A,C7919T,T7952C,A7954G,A7966G,G7969A,A7974C,A8102T,C8123T,T8138G,G8141A,T8156C,C8202T,T8217C,A8219G,C8231A,A8246T,G8250A,T8258C,G8259A,A8260G,T8270A,A8284C,A8299T,G8305A,T8336C,A8351T,T8357C,T8360C,C8399T,C8417T,G8442A,A8443G,T8447C,G8468A,T8473G,C8475A,C8478T,A8504G,G8522A,G8559A,A8576C,A8610G,A8641G,C8644T,C8647G,G8664T,G8677A,G8680A,C8697T,G8701A,A8706G,T8766C,T8771C,C8781A,A8782T,G8831A,C8834T,A8846T,C8870T,T8882C,C8894T,A8981G,C8985T,A8993G,T9063C,C9072T,C9095T,G9164A,A9200G,A9224G,G9227A,C9243T,A9349G,C9374T,T9401C,G9404A,A9476G,C9500T,A9509G,A9542G,G9562A,A9578G,G9584A,A9623G,A9641G,C9642T,A9647G,C9680T,T9693C,A9698G,C9707T,T9734C,A9791G,G9860A,T9974C,G9975A,C10028T,G10061A,G10154A,T10157C,G10190A,G10196A,C10200T,C10238T,C10256T,A10259G,A10271G,T10283C,C10327A,G10328A,G10349A,C10370T,T10448C,C10463T,C10482T,A10484G,G10497A,A10535T,C10574T,T10580C,C10613T,T10615C,T10617C,C10634A,A10647C,G10664A,A10679G,G10682A,A10692C,C10700T,C10708T,C10712T,G10727C,G10733A,T10736C,C10737T,C10742T,C10754T,C10757T,A10766G,C10778T,C10808T,C10847T,T10850C,C10853T,C10914T,T10943C,A10953G,C10967A,G10982A,G10991A,C11000T,T11042C,A11054G,G11069T,A11081C,T11099C,C11126T,A11147G,C11156T,A11168G,C11189A,G11196A,A11198G,A11225G,G11276A,T11348C,C11363T,C11375T,C11381T,T11495A,C11519A,A11521G,T11531C,A11573G,C11579T,T11651C,T11661C,A11663G,T11688C,C11735T,T11745C,T11750C,T11765C,T11777C,C11786T,A11822T,C11858T,A11882G,C11900T,C11942T,T11961C,T11966C,C11999T,G12017A,C12041T,G12044A,T12069C,A12098G,T12104C,G12134A,T12137C,T12143C,A12297G,A12305G,A12320G,G12323A,C12512T,T12530C,C12572T,T12597C,C12611T,C12641T,A12671G,A12695G,G12752A,T12809C,T12933C,C12938T,G12953A,G12992A,C13002T,T13008C,G13019A,G13024A,A13040G,T13094C,T13133C,C13139T,T13145C,A13151G,A13199G,G13241A,T13281C,G13287A,G13319A,C13353T,A13436G,C13448T,C13499T,C13502T,C13526T,G13532A,C13559T,A13563T,T13586C,A13646G,G13655A,C13682T,A13694G,T13715C,C13721T,C13754T,G13781A,C13790T,G13835A,G13853A,C13871T,A13883G,C13934T,A13969G,G13982A,G14012A,A14024G,T14045C,T14108C,G14123A,T14246C,A14360G,T14363C,A14390G,T14483C,G14507T,T14516C,G14555A,G14561A,T14571C,A14582G,T14625C,T14631C,C14639T,C14700T,G14702A,T14789C,C14808T,T14850C,A14858G,C14866T,C14951T,T14957A,A15011G,C15036A,C15047T,C15049T,A15062G,G15131A,C15171T,G15182A,A15191G,C15194T,T15197A,A15206G,T15219C,C15239T,C15251T,G15263A,G15362A,C15395T,C15397T,A15398G,G15428T,C15431A,C15434T,C15457A,T15459A,C15460T,C15469T,T15475A,G15490A,C15495T,G15503A,T15507C,T15517C,C15520A,C15530T,G15534T,T15545C,T15546A,C15548A,C15551A				C:K10R,C:Q38P,C:M48I,C:S58N,C:K62N,C:P63L,C:T67I,C:Q73R,C:G84R,Cp:K25R,Cp:Q53P,Cp:M63I,Cp:S73N,Cp:K77N,Cp:P78L,Cp:T82I,Cp:Q88R,Cp:G99R,F:K3I,F:F8P,F:E26D,F:L163F,F:T249I,F:E307D,F:R410K,F:T493K,F:M500I,F:I506V,F:G513S,F:V526I,F:H532N,F:V536I,F:N553H,HN:N8I,HN:A40T,HN:T42A,HN:T45A,HN:V46T,HN:F49L,HN:I60M,HN:I70T,HN:V73L,HN:M76V,HN:I82T,HN:R131K,HN:Q132R,HN:S151T,HN:T187S,HN:N332D,HN:I335V,HN:K351R,HN:N355S,HN:R356K,HN:T358P,HN:N443K,HN:K448N,HN:A450T,HN:E453R,HN:Q461P,HN:Y466F,HN:R468K,HN:E514R,HN:V524G,HN:Q525K,HN:A553T,HN:L558F,HN:I570V,L:Q4M,L:P158S,L:N193S,L:C264Y,L:A402T,L:A519E,L:V576I,L:I615T,L:K626Q,L:N641H,L:A646V,L:P715S,L:T728A,L:E809K,L:K917R,L:I1176V,L:R1418K,L:V1506I,L:N1598Y,L:K1733R,L:A2032V,L:A2093V,L:T2209M,L:D2220E,M:R207K,M:A293S,M:R347K,N:N105S,N:I139V,N:I293L,N:V430A,N:T442A,N:I454T,N:S455N,N:R462H,N:T477I,N:R493K,N:L494P,N:N498S,N:T503I,P:D11N,P:G52S,P:P62S,P:A66S,P:S78P,P:G87E,P:G89R,P:I90V,P:R92G,P:S95G,P:I111V,P:S140P,P:P141S,P:L151S,P:S162F,P:F173L,P:R179G,P:P182S,P:G189S,P:S246N,P:E255G,P:N256E,P:T267I,P:S268G,P:V271I,P:S274L,P:S279P,P:T282P,P:P283Q,P:R293K,P:E319G,P:T320A,P:S321G,P:S324P,P:K365Q,P:I376L,P:N401D,P:N440D,P:P441S,P:S442N,P:G473S,P:K491R,P:N498Y,P:V534A,Y1:Q15P,Y1:M25I,Y1:S35N,Y1:K39N,Y1:P40L,Y1:T44I,Y1:Q50R,Y1:G61R,Y2:Q9P,Y2:M19I,Y2:S29N,Y2:K33N,Y2:P34L,Y2:T38I,Y2:Q44R,Y2:G55R			G94A,A722G,T1205C,T1586C,A1716G,T3613C,T7598C,G8639A,G9749A,G15471A,G15493A,C15567T,A15570T		C296T,T588C,T1600C,T2075C,C2542T,A2801G,A3334G,G3400A,C3421T,T3544C,T3767C,A4028G,T4604C,A4714G,G4775A,C4846T,T5110C,C6401T,G6599A,A7154G,T7302C,C7781T,G10328A,T10615C,T10617C,T10736C,T11531C,A11882G,C11942T,T12933C,C13139T,C13563T,T14516C,C14639T,T15431A,C15530T	13	0	36	49	15599-15600			3500	0	good	2	15	0	good	0	100	106	106	bad	114		0	good	0		0		0	0	good		0	0	good	0				
1	m2-Dq37e8	dummy	566.440000	bad	798	0	0	0	35	0	167	0	0	0	43573	1	15600	0.9977564102564103	false	A107T,T108A,T112C,T113C,C125T,G128A,C146T,T152C,T155C,A164G,C221A,T227C,C308T,C365T,T401C,A433G,A455G,A482G,T524C,A534G,G542A,A571G,G584A,C620T,T651C,A659G,G722A,T734C,C743T,T773C,G830A,C848T,T858C,C969T,T983C,A996C,T1005C,G1007A,C1094T,C1133T,T1157C,G1166A,C1205T,C1206T,T1238C,G1259A,T1283C,G1295A,G1313A,G1340C,G1349A,T1352C,T1367C,T1408C,C1409A,T1418C,C1425A,G1436A,A1443G,C1451T,T1457C,A1474C,G1478C,T1480C,G1483A,G1504A,T1520C,C1549T,T1553C,C1586T,G1597A,G1603T,G1607A,A1612G,T1616C,C1627T,C1643T,G1649A,T1652C,C1702A,A1710G,T1711C,G1716A,A1751G,C1769T,C1777T,C1779T,C1782T,G1785A,G1793A,G1874A,A1882G,C1918A,T1949C,A1966C,G1997A,C2027T,G2039T,C2041T,C2053T,A2071G,G2103A,G2108A,A2111G,A2117G,A2126G,A2174G,T2261C,C2264T,C2294T,T2295C,C2328T,T2360C,A2378G,C2387T,G2408A,C2485T,G2539A,A2543G,G2580A,T2581C,A2607G,A2609G,T2611A,C2643T,A2645G,A2650T,G2654A,A2659G,T2663C,C2671T,T2678C,C2691A,G2721A,C2725T,C2749T,T2758C,C2770T,C2785A,G2797A,A2799G,C2803T,A2804G,A2812C,T2813C,G2815A,C2818T,A2836G,A2936C,A2969C,A2983G,A3044G,C3052T,C3064T,C3073T,G3076A,A3085G,A3088G,C3112T,C3121T,C3127T,T3142C,A3160G,A3161G,C3164T,G3168A,T3175C,G3181A,G3217A,A3223G,T3235C,C3238T,G3260A,T3262C,A3265G,C3280T,T3281C,G3301A,A3315G,T3319C,G3322A,A3335T,G3346A,C3370T,T3397C,T3418C,T3444C,G3454A,C3469T,T3475C,C3482A,A3508G,G3514A,C3520T,A3551G,T3554A,G3555A,T3560C,C3592T,C3598T,C3603A,T3611C,T3653C,G3654A,G3666A,T3728C,T3734C,A3830G,T3845C,A3893G,A3896G,T3905C,T3972C,C3992T,A4007G,A4010G,T4052C,A4130G,T4136C,C4160T,G4172A,T4187C,A4199G,T4208C,T4217C,A4265G,G4268A,C4275T,G4288A,G4304A,C4329T,A4376T,G4400A,C4421T,A4424G,A4430G,C4484T,C4526T,A4529G,A4535T,A4541G,C4553T,T4559C,A4613G,T4628C,C4637T,T4661C,G4708A,G4709A,T4719C,C4726A,T4731C,C4737T,C4741T,T4757C,T4763C,T4771C,C4825T,T4828C,C4831T,T4836C,G4840A,C4846T,T4863C,T4869A,A4880G,G4897A,G4906A,A4911G,T4914C,C4927A,A4930G,C4933G,T4977C,A4982C,A4985G,A4996G,A4999G,G5002A,G5009C,G5018T,T5036C,T5037C,T5053C,T5054C,T5062A,T5065C,A5087G,A5095G,A5096T,T5109C,A5123G,C5126T,T5127C,A5153G,A5165T,T5171A,A5237G,T5253C,A5264C,C5271T,G5312A,T5339C,T5360A,T5384C,T5408C,T5444C,A5477G,G5486A,C5489A,T5496C,T5501C,T5543C,C5574T,T5685C,A5768G,C5801T,C5833T,T5834C,G5840A,A5845C,C5864A,G5885A,C5918T,C5927T,G5969A,A6008C,C6026T,C6062T,G6104A,T6128C,T6146C,T6194C,A6212G,C6233A,G6248A,G6281A,G6316A,T6323C,C6347T,A6356T,G6392A,A6398G,C6401T,T6407C,C6446A,T6464C,T6467C,T6468C,G6500A,C6506T,A6512C,C6518T,G6524A,C6565A,G6587C,C6602T,A6603G,T6623C,G6624A,A6641G,T6650C,G6663A,T6674C,C6681A,T6683C,G6693A,A6725G,T6728C,T6740C,A6744C,T6782C,C6784T,A6797G,C6800A,C6807T,A6814T,C6816T,G6823A,C6828T,A6829G,C6831T,T6866C,C6871T,T6872C,T6874C,G6884A,C6889T,T6892C,C6897T,G6902A,A6914G,A6925T,C6956T,T6959C,C6971T,T6983C,C7002T,G7020A,A7026G,A7035G,G7038A,T7039C,T7041C,T7047C,C7061A,A7082G,A7085G,T7099C,T7111C,G7119T,A7128G,C7142T,T7147C,A7187G,C7199T,A7259G,G7280A,G7294A,A7297G,A7319G,C7325T,C7349A,T7353A,T7355C,C7370T,G7394A,C7418T,C7460T,A7461T,C7463A,T7481C,T7490C,C7598T,C7658T,T7706C,T7710C,C7745T,T7769C,G7796A,T7811C,C7837T,T7838C,G7868A,A7889G,A7896G,A7905G,C7910T,G7916A,C7919T,C7940T,G7947A,T7952C,T7963C,A7966G,A7974C,A8084C,G8099A,A8102T,T8120C,C8123T,T8129C,T8138G,G8141A,T8156C,C8202T,T8217C,A8219G,T8222C,C8231A,A8246T,G8250A,T8258C,G8259A,A8260G,T8270A,A8284C,A8299T,G8305A,T8336C,A8351T,T8357C,T8360C,C8399T,C8417T,G8442A,T8447C,G8468A,T8473G,C8475A,A8504G,G8522A,G8559A,A8576C,A8610G,A8639G,A8641G,C8644T,C8647G,G8664T,G8677A,G8680A,A8684G,C8697T,G8701A,A8706G,T8771C,A8782T,G8831A,C8834T,A8846T,C8870T,T8874C,T8882C,C8894T,A8981G,C8985T,C8990T,A8993G,T9063C,C9072T,C9095T,A9161G,G9164A,A9200G,A9224G,G9227A,C9243T,A9349G,C9374T,T9401C,G9404A,A9476G,A9482G,A9509G,A9542G,G9545A,G9562A,A9578G,G9584A,A9623G,A9641G,C9642T,A9647G,C9680T,T9693C,A9698G,C9707T,T9734C,A9749G,A9791G,A9930G,T9974C,G9975A,C10028T,C10058A,G10061A,G10154A,T10157C,G10190A,G10196A,C10238T,A10259G,A10271G,T10283C,C10327A,G10349A,C10370T,T10448C,C10463T,C10482T,A10484G,G10497A,C10574T,T10580C,A10593G,T10610C,C10613T,C10634A,G10664A,A10679G,G10682A,A10692C,C10700T,C10708T,C10712T,G10727C,G10733A,C10737T,C10742T,A10751G,C10754T,C10757T,C10778T,G10802A,C10808T,T10844C,C10847T,C10853T,C10914T,T10943C,A10953G,C10967A,G10991A,C11000T,A11018G,A11054G,G11069T,A11081C,T11099C,C11126T,A11147G,C11156T,A11168G,C11189A,A11198G,A11225G,G11276A,T11348C,C11363T,C11375T,C11381T,T11414C,T11495A,C11519A,A11521G,A11555G,A11573G,C11579T,C11594T,T11651C,T11661C,A11663G,T11688C,G11714A,C11735T,T11745C,T11750C,T11765C,T11777C,C11786T,C11810T,C11858T,C11900T,T11961C,T11966C,C11999T,G12017A,C12041T,G12044A,T12069C,A12098G,T12104C,G12134A,T12137C,T12143C,A12297G,A12305G,A12320G,G12323A,T12419C,C12500T,C12512T,T12530C,C12572T,T12597C,C12611T,T12633C,C12641T,G12647A,A12671G,A12695G,G12752A,T12809C,C12938T,G12953A,A12968G,G12992A,C13002T,T13008C,G13019A,G13024A,A13040G,T13094C,T13133C,T13145C,A13151G,A13199G,C13232T,G13241A,T13281C,G13287A,G13319A,C13353T,A13436G,C13448T,A13454G,C13499T,C13502T,A13520G,C13526T,G13532A,C13559T,A13563C,A13646G,G13655A,C13682T,A13694G,T13715C,C13721T,C13754T,G13781A,C13790T,G13835A,C13871T,A13883G,C13934T,A13969G,G13982A,T13994C,G14012A,A14024G,T14045C,C14075T,T14108C,G14123A,T14246C,G14333A,A14360G,T14363C,A14390G,T14468C,T14483C,G14507T,G14555A,T14571C,A14576C,T14625C,T14631C,C14700T,G14702A,T14751C,T14789C,C14808T,T14850C,A14858G,C14951T,T14957C,A15011G,C15036A,C15047T,C15049T,A15062G,A15071G,G15131A,T15164C,C15171T,G15182A,A15191G,C15194T,T15197A,A15206G,T15219C,T15224C,C15239T,A15248G,C15251T,G15263A,G15279A,G15362A,C15395T,C15397T,A15398G,G15428T,C15431T,T15432C,C15434T,C15455A,T15456A,C15457A,T15459A,C15460T,C15469T,T15475A,G15490A,C15495T,T15500A,G15503A,A15504G,T15507C,T15517C,C15520A,G15534T,T15545C,T15546A,C15548A,C15551A,T15567C				C:K10R,C:S22Y,C:Q38P,C:M48I,C:K62N,C:P63L,C:T67I,C:Q73R,C:G84R,Cp:K25R,Cp:S37Y,Cp:Q53P,Cp:M63I,Cp:K77N,Cp:P78L,Cp:T82I,Cp:Q88R,Cp:G99R,F:K3S,F:F8L,F:E26D,F:L163F,F:T249I,F:K253T,F:E307D,F:R410K,F:T493K,F:M500I,F:I506V,F:G513S,F:V526I,F:H532N,F:V536I,F:N553H,HN:N8I,HN:H34Y,HN:A40T,HN:T42A,HN:T45A,HN:V46T,HN:F49L,HN:I60M,HN:M66T,HN:I70T,HN:V73L,HN:M76V,HN:I82T,HN:R131K,HN:Q132R,HN:S151T,HN:T187S,HN:T312I,HN:N332D,HN:I335V,HN:D349N,HN:I354T,HN:N355S,HN:T358P,HN:N443K,HN:K448N,HN:A450T,HN:E453R,HN:Q461P,HN:Y466F,HN:R468K,HN:E514K,HN:V524G,HN:Q525K,HN:A553T,HN:L558F,HN:I570V,L:Q4L,L:P158S,L:N193S,L:C264Y,L:K387E,L:A402T,L:A519E,L:V576I,L:N608D,L:N641H,L:A646V,L:P715S,L:T728A,L:K917R,L:I1176V,L:R1418K,L:V1506I,L:N1598H,L:K1733R,L:A2093V,L:V2170I,L:T2209M,L:S2221P,M:R207K,M:R347K,N:N105S,N:I139V,N:N151S,N:I293L,N:V430A,N:T442A,N:H452P,N:I454T,N:S455N,N:R462H,N:T477I,N:R493K,N:S495I,N:N498S,N:T503I,P:D11N,P:G52S,P:P62S,P:A66S,P:G87E,P:G89R,P:I90V,P:R92G,P:S95G,P:I111V,P:S140P,P:P141S,P:L151S,P:S162F,P:F173L,P:R179G,P:P182S,P:G189S,P:I234V,P:S246N,P:E255G,P:N256E,P:T267I,P:S268G,P:V271I,P:S274P,P:S279P,P:P283Q,P:R293K,P:E319G,P:S321G,P:S324P,P:K365Q,P:I376L,P:N401D,P:N440D,P:P441S,P:S442N,P:G473S,P:K491R,P:N498Y,P:V534A,Y1:Q15P,Y1:M25I,Y1:K39N,Y1:P40L,Y1:T44I,Y1:Q50R,Y1:G61R,Y2:Q9P,Y2:M19I,Y2:K33N,Y2:P34L,Y2:T38I,Y2:Q44R,Y2:G55R			G824A,C995T,T1394C,A1427G,T2664C,G3647A,C4568T,T4691C,T5060C,A5879G,T6341C,G7211A,G7895A,A7969G,A8286G,A8461G,T8692A,T8723C,C10850T,A10982G,C12707T,C13759T,G14582A,G15076A,A15215C,G15471A,G15493A,A15570T		A482G,A1474C,G1603T,T1652C,G1785A,C1918A,A2650T,T2663C,A2812C,A2983G,A3508G,A3551G,T3554A,T3728C,A3893G,T3905C,A4007G,A4265G,A4424G,G4709A,C4737T,C4741T,A4911G,A4985G,T5065C,C5126T,T5171A,A5237G,G5312A,T5360A,C5801T,A5845C,G6392A,T6468C,T6512C,C6784T,G6902A,C7002T,T7099C,C7142T,A7259G,C7463A,T7710C,C7837T,T7838C,C7910T,A8084C,T8120C,T8129C,T8874C,C8990T,A9161G,A9930G,C10058A,A10593G,A10751G,T10844C,T11414C,A11555G,C11594T,G11714A,T12419C,C12500T,T12633C,C13232T,A13520G,C14075T,G14333A,T14751C,T15164C,T15224C,A15248G,G15279A,T15432C,C15455A,T15456A,T15500A,A15504G	28	0	78	106	1-21,4957-4967,15598-15600			3500	0	good	35	15	0	good	0	100	238	238	bad	246		0	good	0		0		0	0	good		0	0	good	0				
62	51199_1_49|03.12.2024|Switzerland|BL	dummy	32.290000	mediocre	798	0	0	0	28	0	174	0	0	0	43580	1	15600	0.9982051282051282	false	G13A,A107T,T108A,T112C,T113C,C125T,G128A,T152C,T155C,A164G,T200C,C221A,C308T,C365T,T374C,G377A,T401C,A433G,A455G,T524C,A534G,T549C,G560A,G584A,T651C,A659G,G722A,T734C,A737G,C743T,T773C,A824G,G830A,C848T,T858C,A917G,C935T,C969T,T983C,A996C,G1007A,A1085T,C1133T,T1157C,G1166A,C1205T,C1206T,T1238C,G1259A,T1283C,G1295A,G1313A,G1340C,G1349A,T1352C,T1367C,C1394T,T1408C,C1409A,T1418C,C1425A,G1427A,C1433T,G1436A,A1443G,C1451T,T1457C,T1472C,G1478C,T1480C,G1483A,G1504A,T1520C,A1541G,C1549T,T1553C,C1583T,C1586T,A1592G,A1601G,A1602G,G1607A,A1612G,T1616C,A1619G,C1627T,C1643T,G1649A,C1702A,A1710G,A1715G,G1716A,A1751G,G1761A,C1769T,C1779T,C1782T,G1793A,G1874A,A1882G,T1949C,A1966C,G1997A,A2017G,C2027T,G2039T,C2041T,C2053T,A2071G,G2103A,G2108A,A2111G,A2117G,A2126G,G2171A,A2174G,T2261C,C2264T,A2273G,C2294T,T2295C,C2328T,A2378G,C2387T,G2408A,C2485T,C2574T,G2578A,G2580A,T2581C,A2607G,A2609G,T2611A,C2614T,C2643T,A2645G,G2654A,A2659G,T2663C,C2671T,T2678C,T2689C,C2691A,G2721A,C2725T,C2749T,C2751T,T2758C,C2769T,C2770T,C2785A,G2797A,A2799G,C2803T,A2804G,T2813C,G2815A,C2818T,A2836G,A2936C,A2969C,A3044G,C3052T,G3055A,C3064T,C3073T,G3076A,A3085G,A3088G,C3097T,C3112T,C3116T,C3127T,T3142C,A3161G,C3164T,G3168A,T3175C,G3181A,C3211T,G3217A,A3223G,C3238T,G3260A,T3262C,A3265G,C3280T,T3281C,G3301A,A3315G,T3319C,G3322A,A3335T,G3346A,C3370T,T3397C,T3418C,T3430C,T3444C,G3454A,C3469T,T3475C,C3482A,G3514A,C3520T,G3555A,T3560C,C3592T,C3598T,A3600G,T3611C,C3621T,G3654A,G3666A,T3734C,C3752T,A3830G,T3845C,T3866C,A3896G,T3972C,C3992T,A4010G,G4027A,A4130G,T4136C,C4160T,G4172A,T4187C,A4199G,T4208C,T4217C,T4241C,G4268A,C4275T,G4288A,G4304A,A4316G,C4329T,A4376T,G4400A,C4421T,A4430G,C4484T,C4526T,A4529G,A4535T,A4541G,C4553T,T4559C,A4613G,T4628C,C4637T,T4661C,C4691T,A4700G,G4708A,T4719C,T4731C,T4757C,T4763C,T4771C,C4825T,T4828C,C4831T,T4836C,G4840A,C4846T,T4863C,T4869A,G4875A,A4880G,G4897A,G4906A,C4909T,T4914C,C4927A,A4930G,C4933G,A4957G,G4958A,G4960A,G4963C,A4967G,T4977C,A4982C,A4996G,G5002A,G5009C,G5018T,T5036C,T5037C,A5045G,T5053C,T5054C,C5060T,T5062A,A5087G,A5095G,A5096T,T5109C,A5123G,T5127C,A5153G,A5165T,T5253C,A5264C,C5271T,T5339C,T5384C,T5408C,T5444C,A5477G,G5486A,C5489A,T5496C,T5543C,C5552T,C5574T,G5615A,A5648G,T5685C,C5833T,T5834C,G5840A,A5849G,C5861T,G5879A,G5885A,C5918T,C5966T,G5969A,C6026T,C6062T,G6104A,T6194C,A6212G,C6233A,G6248A,G6281A,G6316A,T6323C,C6329T,C6341T,C6347T,A6356T,A6398G,C6401T,T6407C,T6467C,T6468C,G6500A,C6506T,A6512T,C6518T,G6524A,C6565A,G6587T,C6602T,A6603G,G6624A,T6650C,G6663A,T6674C,C6681A,T6683C,A6685G,C6690T,G6693A,G6724A,A6725G,T6728C,T6740C,A6744T,C6746T,C6749T,T6782C,A6797G,C6800A,A6814C,C6816T,G6823A,C6828T,A6829G,C6831T,T6866C,T6872C,T6874C,G6884A,C6889T,T6892C,C6901T,A6910G,A6911G,A6914G,A6921G,A6925T,G6949A,C6956T,T6959C,C6971T,T6983C,G7020A,A7026G,A7035G,G7038A,T7039C,T7041C,T7047C,C7061A,A7082G,A7085G,T7111C,C7127T,A7128G,A7145G,T7147C,A7187G,C7199T,C7205T,G7294A,A7297G,A7319G,C7325T,T7331C,C7349A,T7353A,T7355C,C7370T,G7394A,C7418T,C7460T,A7461T,T7481C,T7517C,C7532T,A7553G,C7598T,C7652T,C7658T,G7667A,T7706C,C7745T,G7751A,T7769C,G7796A,C7844T,T7856C,G7868A,A7889G,A7896G,A7905G,G7916A,C7919T,G7947A,T7952C,A7966G,G7969A,A7974C,T7982C,C8060T,A8102T,C8123T,T8138G,T8156C,T8189G,C8202T,T8217C,A8219G,C8231A,A8246T,G8250A,T8258C,G8259A,A8260G,T8270A,A8284C,A8299T,G8305A,T8309C,T8336C,A8351T,T8357C,T8360C,C8399T,C8417T,T8430G,G8442A,T8447C,G8468A,T8473G,C8475A,C8478T,A8504G,T8516C,G8522A,G8559A,A8576C,A8601G,C8603T,A8610G,A8639G,A8641G,C8644T,C8647G,G8664T,G8677A,G8680A,A8684G,C8697T,G8701A,C8702A,A8706G,A8769G,A8770G,A8782T,G8831A,C8834T,A8846T,C8870T,T8882C,C8894T,A8981G,A8993G,T8995C,A9001G,T9063C,C9072T,C9095T,G9164A,G9227A,C9243T,A9366G,C9374T,T9401C,G9404A,A9410C,A9476G,A9482G,A9509G,A9542G,G9562A,A9578G,G9584A,C9605T,A9623G,A9641G,C9642T,A9647G,C9680T,A9698G,C9707T,T9734C,A9749G,A9791G,C9923A,C9939T,T9974C,G9975A,C10028T,A10038G,G10061A,G10117A,G10154A,G10196A,C10238T,A10259G,A10271G,T10283C,T10319C,C10327A,T10331A,T10340C,G10349A,C10370T,T10412C,T10448C,A10460G,C10463T,C10482T,A10484G,A10508G,C10574T,T10580C,C10613T,C10634A,G10664A,A10679G,G10682A,A10692C,C10700T,C10708T,C10712T,G10727C,C10737T,C10742T,C10754T,C10757T,T10761C,C10778T,G10802A,C10808T,T10844A,C10847T,T10898C,C10914T,T10943C,A10953G,C10967A,G10982A,G10991A,C11000T,A11006G,A11018G,C11040T,T11042A,A11054G,G11069T,A11081C,T11099C,C11114T,C11126T,A11147G,C11156T,A11168G,C11189A,A11198G,A11225G,G11237A,G11276A,T11348C,C11363T,C11375T,C11381T,T11495A,C11519A,A11521G,A11573G,C11579T,T11661C,A11663G,T11688C,C11735T,T11745C,T11750C,T11765C,T11777C,C11780T,C11786T,C11858T,C11900T,C11903T,T11961C,T11966C,C11999T,G12002A,G12017A,C12041T,G12044A,T12069C,A12098G,T12104C,G12134A,T12137C,T12143C,A12297G,A12305G,A12320G,G12323A,C12512T,T12530C,C12572T,C12611T,C12641T,A12671G,A12695G,T12701C,C12702A,G12743A,G12752A,T12809C,C12938T,G12953A,G12992A,C13002T,T13008C,G13019A,G13024A,A13040G,T13094C,T13133C,T13145C,A13151G,A13199G,T13214C,T13221C,G13241A,T13281C,G13287A,G13319A,C13353T,A13436G,T13439C,C13448T,C13499T,C13502T,C13526T,G13532A,C13559T,A13563C,A13583G,G13643A,G13655A,C13682T,A13694G,T13715C,C13721T,C13754T,G13781A,C13790T,G13835A,C13871T,C13881T,A13883G,C13934T,G13982A,T13988C,G14012A,A14024G,T14045C,G14123A,T14246C,T14331C,A14360G,T14363C,G14366A,A14390G,G14507T,T14511C,A14519G,C14534T,G14555A,T14571C,A14582G,T14625C,T14631C,C14700T,G14702A,T14789C,C14808T,T14850C,A14858G,C14951T,T14957C,A15011G,G15029A,C15036A,C15047T,C15049T,G15131A,C15171T,G15182A,A15191G,C15194T,T15197A,A15206G,T15219C,C15239T,C15251T,G15263A,A15274G,G15362A,A15393G,C15395T,C15397T,A15398G,G15428T,C15431T,C15434T,C15438T,C15457T,T15459A,C15460T,C15469T,T15475A,G15490A,C15495T,G15503A,T15507C,T15513A,T15517C,C15520A,T15521A,G15534T,T15545C,T15546A,C15548A,C15551A				C:K10R,C:Q38P,C:M48I,C:K55R,C:K62N,C:P63L,C:T67I,C:Q73R,C:G84R,Cp:K25R,Cp:Q53P,Cp:M63I,Cp:K70R,Cp:K77N,Cp:P78L,Cp:T82I,Cp:Q88R,Cp:G99R,F:K3S,F:F8L,F:E26D,F:L163F,F:T249I,F:R410K,F:T493K,F:M500I,F:I506V,F:G513S,F:V526I,F:H532N,F:N533S,F:P535S,F:V536I,F:R546K,F:N553Y,HN:E3G,HN:T7A,HN:N8I,HN:R16Q,HN:A40T,HN:T42A,HN:T45A,HN:V46T,HN:F49L,HN:I60M,HN:I70T,HN:M76V,HN:I82T,HN:R131K,HN:Q132R,HN:S151T,HN:T187S,HN:N332D,HN:I335V,HN:D349N,HN:N355S,HN:R356K,HN:T358P,HN:N443K,HN:K448N,HN:A450T,HN:E453R,HN:Q461P,HN:Y466F,HN:R468K,HN:S510A,HN:E514K,HN:V524G,HN:Q525K,HN:A553T,HN:L558F,HN:I567V,HN:I570V,L:Q4L,L:I75T,L:K77R,L:P158S,L:N199D,L:C264Y,L:A402T,L:N423D,L:S449N,L:A519E,L:D520E,L:N641H,L:A646V,L:P715S,L:T728A,L:K917R,L:I1176V,L:R1418K,L:V1506I,L:N1598H,L:A2093V,L:K2168R,L:S2208G,L:T2209M,L:Q2223*,M:G120E,M:R207K,M:R347K,N:N105S,N:I139V,N:I293L,N:V430A,N:T442A,N:I454T,N:S455N,N:R462H,N:T477I,N:S495G,N:N498S,N:T503I,P:D11N,P:G52S,P:P62S,P:A66S,P:G87E,P:G89R,P:I90V,P:R92G,P:S95G,P:G110S,P:I111V,P:S140P,P:P141S,P:R144G,P:L151S,P:S162F,P:R179G,P:P182S,P:G189S,P:T244I,P:S246N,P:E255G,P:N256E,P:T267I,P:S268G,P:V271I,P:S274P,P:S279P,P:P283Q,P:R293K,P:T303I,P:P309L,P:E319G,P:S321G,P:S324P,P:K365Q,P:I376L,P:N401D,P:N440D,P:P441S,P:S442N,P:G473S,P:K491R,P:N498Y,P:V534A,Y1:Q15P,Y1:M25I,Y1:K32R,Y1:K39N,Y1:P40L,Y1:T44I,Y1:Q50R,Y1:G61R,Y2:Q9P,Y2:M19I,Y2:K26R,Y2:K33N,Y2:P34L,Y2:T38I,Y2:Q44R,Y2:G55R			C1005T,G9881A		T549C,G560A,A737G,C935T,T1472C,C2671T,G4027A,T6814C,C6901T,A6921G,C7844T,C8189G,A8601G,C8702A,T8995C,A9410C,A11006G,C11040T,T11042A,G12002A,A13583G,G13835A,A15274G	2	0	23	25	1-11,15584-15600			3500	0	good	28	15	0	good	0	100	27	27	good	35		0	good	0		0		0	0	good	L:2222	1	50	mediocre	0				
65	51199_1_81|11.11.2024|Switzerland|ZH	dummy	60.254444	mediocre	801	0	0	0	21	1	168	0	0	1	43575	1	15600	0.9985897435897436	false	A107T,T108A,T112C,T113C,C125T,G128A,T152C,T155C,G161A,A164G,T200C,C221A,C308T,C365T,T374C,G377A,C398T,T401C,A433G,T449C,A455G,T524C,A534G,G584A,T651C,A659G,T701C,G722A,T734C,C743T,T773C,A821G,A824G,G830A,C848T,T858C,A917G,C969T,T983C,A996C,T1005C,G1007A,T1016A,A1085T,C1133T,T1157C,G1166A,C1205T,C1206T,T1238C,G1259A,T1283C,G1295A,G1313A,G1340C,G1349A,T1352C,T1367C,C1394T,T1408C,C1409A,T1418C,C1425A,G1427A,C1433T,G1436A,A1443G,C1451T,T1457C,G1478C,T1480C,G1483A,G1504A,T1520C,A1541G,C1549T,T1553C,C1583T,A1592G,A1601G,A1602G,G1607A,A1612G,T1616C,A1619G,C1627T,C1643T,G1649A,C1702A,A1710G,A1715G,G1716A,A1751G,G1761A,C1769T,C1779T,C1782T,T1788C,G1793A,G1874A,A1882G,T1949C,A1966C,G1997A,A2017G,C2027T,G2039T,C2041T,C2053T,A2071G,G2103A,G2108A,A2111G,A2117G,A2126G,G2171A,A2174G,T2261C,C2264T,C2294T,T2295C,C2328T,A2378G,C2387T,G2408A,C2485T,C2574T,G2578A,G2580A,T2581C,A2607G,A2609G,T2611A,C2614T,C2643T,A2645G,G2654A,A2659G,T2663C,T2678C,T2689C,C2691A,A2713G,G2721A,C2725T,C2749T,T2758C,C2769T,C2770T,C2785A,G2797A,A2799G,C2803T,A2804G,T2813C,G2815A,C2818T,A2836G,A2936C,A2969C,A3044G,C3052T,C3064T,C3073T,G3076A,A3085G,A3088G,C3097T,C3112T,C3116T,C3127T,T3142C,A3161G,C3164T,G3168A,T3175C,G3181A,C3211T,T3214C,G3217A,A3223G,C3238T,G3260A,T3262C,A3265G,C3280T,T3281C,G3301A,A3315G,T3319C,G3322A,A3335T,G3346A,C3370T,T3397C,T3418C,C3427T,T3430C,T3444C,G3454A,C3469T,A3474G,T3475C,C3482A,G3514A,C3520T,G3555A,T3560C,T3588C,C3592T,G3594T,C3598T,A3600G,C3603A,T3611C,C3621T,G3654A,G3666A,T3734C,C3752T,A3830G,T3845C,T3866C,A3896G,T3972C,C3992T,A4010G,A4088G,C4128T,A4130G,T4136C,C4160T,G4172A,T4187C,A4199G,T4208C,T4217C,T4241C,G4268A,C4275T,G4288A,G4304A,A4316G,C4329T,A4376T,G4400A,C4421T,A4430G,C4484T,C4526T,A4529G,A4535T,A4541G,C4553T,T4559C,A4613G,T4628C,C4637T,T4661C,C4691T,A4700G,G4708A,T4719C,A4722C,T4731C,T4757C,T4763C,T4771C,C4825T,T4828C,C4831T,T4836C,G4840A,C4846T,T4863C,T4869A,G4875A,A4880G,G4897A,G4906A,C4909T,T4914C,C4927A,A4930G,C4933G,A4957G,G4958A,G4960A,G4963C,A4967G,T4977C,A4982C,A4996G,G5002A,G5009C,G5018T,T5036C,T5037C,A5045G,T5053C,T5054C,C5060T,T5062A,A5087G,A5095G,A5096T,T5109C,A5123G,T5127C,A5153G,A5165T,T5253C,A5264C,C5271T,T5339C,T5384C,T5408C,T5444C,G5486A,C5489A,T5496C,T5543C,C5552T,C5574T,G5615A,T5685C,C5833T,T5834C,G5840A,A5849G,C5861T,G5879A,G5885A,C5918T,C5966T,G5969A,C6026T,C6062T,G6104A,T6194C,A6212G,C6233A,G6248A,G6281A,G6316A,T6323C,C6329T,C6341T,C6347T,A6356T,A6398G,C6401T,T6407C,T6455A,T6467C,T6468C,G6500A,C6506T,A6512T,C6518T,G6524A,C6565A,G6587T,C6602T,A6603G,G6624A,T6650C,G6663A,T6674C,C6681A,T6683C,A6685G,C6690T,G6693A,G6724A,A6725G,T6728C,T6740C,A6744T,C6746T,C6749T,T6782C,A6797G,C6800A,A6814T,C6816T,G6823A,C6828T,A6829G,C6831T,T6866C,T6872C,T6874C,G6884A,C6889T,T6892C,A6910G,A6911G,A6914G,A6925T,G6949A,C6956T,T6959C,C6971T,T6983C,G7020A,A7026G,A7035G,G7038A,T7039C,T7041C,T7047C,C7061A,A7082G,A7085G,T7111C,C7127T,A7128G,A7145G,T7147C,A7187G,C7199T,C7205T,G7294A,A7297G,A7319G,C7325T,T7331C,C7349A,T7353A,T7355C,C7370T,G7394A,C7400T,C7418T,C7460T,A7461T,T7481C,T7517C,C7532T,A7553G,C7598T,C7652T,C7658T,G7667A,T7706C,C7745T,G7751A,T7769C,G7796A,T7856C,G7868A,A7889G,A7896G,A7905G,G7916A,C7919T,G7947A,T7952C,A7966G,G7969A,A7974C,T7982C,C8060T,A8102T,C8123T,T8138G,T8156C,T8189C,C8202T,T8217C,A8219G,C8231A,A8246T,G8250A,T8258C,G8259A,A8260G,T8270A,A8284C,A8299T,G8305A,T8309C,T8336C,A8351T,T8357C,T8360C,C8399T,C8417T,T8430G,G8442A,T8447C,G8468A,T8473G,C8475A,C8478T,A8504G,T8516C,G8522A,G8559A,A8576C,C8603T,A8610G,A8639G,A8641G,C8644T,C8647G,G8664T,G8677A,G8680A,A8684G,C8697T,G8701A,A8706G,A8769G,A8770G,A8782T,G8831A,C8834T,A8846T,C8870T,T8882C,C8894T,A8981G,A8993G,A9001G,T9063C,C9072T,C9095T,G9164A,G9227A,C9243T,A9366G,C9374T,T9401C,G9404A,A9476G,A9482G,C9500T,A9509G,A9542G,G9562A,G9584A,C9605T,A9623G,A9641G,C9642T,A9647G,C9680T,A9698G,C9707T,T9734C,A9749G,A9791G,A9810G,A9881G,T9914C,C9923A,C9926T,C9939T,T9974C,G9975A,C10028T,A10038G,G10061A,C10076T,G10117A,G10154A,G10196A,C10238T,A10259G,A10271G,A10274G,T10283C,T10319C,C10327A,T10331A,T10340C,G10349A,C10370T,T10412C,T10448C,A10460G,C10463T,C10482T,A10484G,A10508G,C10574T,T10580C,C10613T,C10634A,G10664A,A10679G,G10682A,A10692C,C10700T,C10708T,C10712T,G10727C,C10737T,C10742T,C10754T,C10757T,T10761C,C10778T,G10802A,C10808T,T10844A,C10847T,T10898C,C10914T,T10943C,A10953G,C10967A,G10982A,G10991A,C11000T,A11018G,A11054G,G11069T,A11081C,T11099C,C11114T,C11126T,A11147G,C11156T,A11168G,C11189A,A11198G,A11225G,G11237A,G11276A,T11348C,C11363T,C11375T,C11381T,T11495A,C11519A,A11521G,A11573G,C11579T,A11585G,T11661C,A11663G,T11688C,C11735T,T11745C,T11750C,T11765C,T11777C,C11780T,C11786T,C11858T,C11900T,C11903T,T11961C,T11966C,A11972G,C11999T,G12017A,C12041T,G12044A,T12069C,A12098G,T12104C,G12134A,T12137C,T12143C,A12297G,A12305G,A12320G,G12323A,C12407A,A12437G,C12512T,T12530C,C12572T,C12611T,C12641T,A12671G,A12695G,T12701C,C12702A,G12743A,G12752A,T12809C,C12815T,C12938T,G12953A,G12992A,C13002T,T13008C,G13019A,G13024A,A13040G,T13094C,T13133C,T13145C,A13151G,A13199G,T13214C,T13221C,G13241A,T13281C,G13287A,G13319A,C13353T,A13436G,T13439C,G13445A,C13448T,C13499T,C13502T,C13526T,G13532A,C13559T,A13563C,A13640G,G13643A,G13655A,C13682T,A13694G,T13715C,C13721T,C13754T,G13781A,C13790T,C13871T,C13881T,A13883G,C13934T,G13982A,T13988C,G14012A,A14024G,T14045C,G14123A,T14246C,T14331C,A14360G,T14363C,G14366A,A14390G,G14507T,A14519G,C14534T,G14555A,T14571C,A14582G,T14625C,T14631C,C14700T,G14702A,T14789C,C14808T,T14850C,A14858G,C14951T,T14957C,A15011G,G15029A,C15036A,C15047T,C15049T,G15131A,C15171T,G15182A,A15191G,C15194T,T15197A,A15206G,T15219C,C15239T,C15251T,G15263A,G15362A,C15395T,C15397T,A15398G,T15413C,G15428T,C15431T,C15434T,C15438T,C15457T,T15459A,C15460T,C15469T,T15475A,G15490A,C15495T,G15503A,T15507C,T15517C,C15520A,T15521A,G15534T,T15545C,T15546A,C15548A,C15551A				C:K10R,C:Q38P,C:M48I,C:K55R,C:K62N,C:P63L,C:T67I,C:Q73R,C:G84R,Cp:K25R,Cp:Q53P,Cp:M63I,Cp:K70R,Cp:K77N,Cp:P78L,Cp:T82I,Cp:Q88R,Cp:G99R,F:K3S,F:F8L,F:E26D,F:L163F,F:T249I,F:R410K,F:T493K,F:M500I,F:I506V,F:G513S,F:V526I,F:H532N,F:N533S,F:P535S,F:V536I,F:R546K,F:N553Y,HN:E3G,HN:N8I,HN:R16Q,HN:A40T,HN:T42A,HN:T45A,HN:V46T,HN:F49L,HN:I60M,HN:I70T,HN:M76V,HN:I82T,HN:R131K,HN:Q132R,HN:S151T,HN:T187S,HN:N332D,HN:I335V,HN:D349N,HN:N355S,HN:R356K,HN:T358P,HN:N443K,HN:K448N,HN:A450T,HN:E453R,HN:Q461P,HN:Y466F,HN:R468K,HN:S510A,HN:E514K,HN:V524G,HN:Q525K,HN:A553T,HN:L558F,HN:I570V,L:Q4L,L:K77R,L:P158S,L:N199D,L:C264Y,L:R347G,L:A402T,L:N423D,L:S449N,L:A519E,L:D520E,L:N641H,L:A646V,L:P715S,L:T728A,L:K917R,L:I1176V,L:R1418K,L:V1506I,L:N1598H,L:A2093V,L:T2209M,L:Q2223*,M:R207K,M:R347K,N:N105S,N:I139V,N:I293L,N:V430A,N:T442A,N:I454T,N:S455N,N:R462H,N:T477I,N:S495G,N:N498S,N:T503I,P:D11N,P:G52S,P:P62S,P:A66S,P:G87E,P:G89R,P:I90V,P:R92G,P:S95G,P:G110S,P:I111V,P:S140P,P:P141S,P:L151S,P:S162F,P:R179G,P:P182S,P:G189S,P:T244I,P:S246N,P:E255G,P:N256E,P:T267I,P:S268G,P:V271I,P:S274P,P:S279P,P:P283Q,P:R293K,P:P309L,P:E319G,P:S321G,P:S324P,P:K365Q,P:I376L,P:N401D,P:N440D,P:P441S,P:S442N,P:G473S,P:K491R,P:N498Y,P:V534A,P:Y544C,Y1:Q15P,Y1:M25I,Y1:K32R,Y1:K39N,Y1:P40L,Y1:T44I,Y1:Q50R,Y1:G61R,Y2:Q9P,Y2:M19I,Y2:K26R,Y2:K33N,Y2:P34L,Y2:T38I,Y2:Q44R,Y2:G55R			T1586C,G2273A,A3055G,G5477A,G9578A,G15393A		G161A,C398T,T449C,T701C,A821G,T1016A,T1788C,A2713G,T3214C,C3427T,A3474G,T3588C,G3594T,C3603A,A4088G,A4722C,T6455A,C7400T,C9500T,A9810G,T9914C,C9926T,A10274G,A11585G,A11972G,C12407A,A12437G,C12815T,G13445A,A13640G,T15413C	6	0	31	37	1-18,15598-15600	L:208	Y:9394	3500	0	good	21	15	6.666667	good	1	100	59	59	mediocre	67		0	good	0		0		0	0	good	L:2222	1	50	mediocre	0				
64	51199_1_74|28.11.2024|Switzerland|SZ	dummy	2.560000	good	744	1	0	0	215	0	161	0	0	2	43600	1	15600	0.9862179487179488	false	A107T,T108A,T112C,T113C,C125T,C146T,T152C,T155C,A164G,C221A,A239G,A293G,G305A,C308T,C365T,T374C,A383G,T401C,A433G,A455G,G470A,T524C,A534G,G584A,T651C,A659G,G722A,T734C,C743T,G746A,T773C,A782G,A824G,G830A,T858C,G959A,C969T,T983C,A996C,T1005C,C1088T,C1133T,T1157C,G1166A,C1205T,C1206T,A1223G,T1238C,A1265G,T1283C,C1307T,G1313A,G1340A,G1349A,T1352C,T1367C,C1394T,T1408C,C1409A,T1418C,C1425A,G1436A,A1443G,C1451T,T1457C,G1469A,G1478C,T1480C,G1483A,G1504A,T1520C,C1549T,T1553C,G1597A,G1607A,A1612G,T1616C,C1627T,C1643T,G1649A,C1702A,A1710G,G1716A,A1751G,C1777A,C1779T,C1782T,A1882G,G1895A,T1949C,A1966C,G1997A,C2027T,T2030C,G2039T,C2041T,A2051G,C2053T,A2071G,G2103A,G2108A,A2111G,A2126G,A2174G,A2237G,T2261C,C2264T,C2294T,T2295C,C2328T,A2378G,A2384G,C2387T,G2408A,A2444G,C2493T,G2580A,A2607G,A2609G,T2611C,C2621T,C2629T,C2643T,A2645G,A2659G,T2678C,G2684A,C2691A,A2694G,G2721A,C2749T,T2758C,C2770T,C2776T,C2785A,A2790G,G2797A,A2799G,A2804G,T2813C,G2815A,C2818T,A2836G,A2860G,T2908C,A2920G,A2936C,A2969C,A3044G,C3052T,C3064T,C3073T,G3076A,A3085G,C3112T,C3121T,C3127T,T3142C,A3161G,C3164T,T3175C,G3181A,C3211T,G3217A,A3223G,C3238T,A3250G,G3260A,A3265G,C3280T,T3281C,G3301A,A3315G,T3319C,G3322A,A3335T,G3346A,C3370T,T3376C,T3418C,G3441A,T3444C,G3454A,C3469T,T3475C,C3482A,G3514A,C3520T,G3555A,T3560C,C3592T,A3605T,C3610T,T3611C,C3613T,G3654A,G3666A,T3734C,G3780A,A3830G,T3845C,A3896G,C3941T,C3983T,C3992T,A4010G,A4130G,C4160T,G4172A,T4187C,A4199G,T4208C,T4217C,G4268A,C4275T,G4277A,T4286C,G4288A,G4304A,C4325T,A4376T,G4400A,A4430G,C4484T,C4526T,A4529G,A4541G,G4545A,C4553T,T4559C,T4580C,C4595T,A4613G,T4628C,C4637T,G4652A,T4661C,C4691T,G4708A,T4719C,T4731C,T4757C,T4763C,T4771C,C4783A,C4797T,A4798G,C4825T,T4828C,T4836C,G4840A,A4850C,T4863C,T4869A,A4880G,G4897A,G4906A,T4914C,T4977C,A4982C,A4994G,A4998G,G5003T,G5009C,C5011T,G5018T,T5036C,T5037C,A5045G,C5060T,T5062A,A5087G,A5096T,T5109C,C5111A,A5123G,T5127C,A5153G,A5165C,T5253C,A5264C,C5271T,T5279C,C5331T,T5339C,T5384C,T5408C,C5438T,A5459G,C5465T,A5477G,G5486A,C5489A,T5496C,T5501C,T5543C,C5574T,G5681A,T5685C,C5777A,C5833T,G5840A,G5879A,G5885A,C5966T,G5969A,T5996C,T6002C,C6062T,A6074G,A6095G,G6104A,T6110C,T6146C,T6194C,A6212G,C6230T,C6233A,G6248A,G6281A,T6323C,C6329T,C6341T,C6347T,A6356T,G6392A,A6398G,C6401T,A6419G,T6467C,G6500A,C6506T,C6518T,G6524A,C6565A,A6570G,T6572C,G6587C,C6602T,A6609G,T6650C,G6663A,T6671C,T6674C,C6681A,T6686C,G6693A,G6724A,A6725G,T6728C,G6738A,T6740C,A6744C,T6782C,C6791T,C6800A,A6814T,C6816T,G6823A,C6828T,A6829G,C6831T,T6866C,T6872C,T6874C,A6913G,A6925T,T6929C,A6950G,C6956T,T6959C,C6971T,T6983C,C7004T,A7026G,A7035G,G7038A,T7039C,T7041C,T7047C,C7061A,A7085G,T7111C,C7127T,A7128G,T7147C,A7172G,A7187G,C7199T,C7232T,A7244G,G7278A,G7294A,A7319G,C7325T,C7337T,C7349A,T7353A,T7355C,C7370T,T7373C,G7394A,C7418T,C7460T,A7461T,T7481C,C7538T,C7542A,T7556C,C7598T,C7658T,T7706C,C7724T,C7745T,G7751A,T7769C,G7796A,G7868A,A7889G,A7896G,A7905G,C7911T,G7916A,C7919T,T7934C,G7947A,T7952C,A7966G,G7969A,A7970C,A7974C,A8102T,C8123T,T8138G,T8156C,T8217C,A8219G,C8231A,A8246T,G8250A,T8258C,G8259A,A8260G,T8270A,A8284C,A8299T,C8303T,G8305A,A8351T,C8399T,C8417T,G8442A,T8447C,G8468A,T8473G,C8475A,C8478T,G8483A,A8504G,G8522A,G8559A,A8576C,A8610G,A8639G,A8641G,C8643T,C8644T,C8647G,A8660G,G8664T,G8677A,G8680A,C8697T,G8701A,A8706G,A8782C,G8831A,C8834T,A8846T,T8858A,C8870T,T8882C,C8894T,T8909C,C8978T,A8981G,A8993G,T9063C,G9164A,A9200G,G9201A,G9227A,C9243T,C9374T,T9401C,G9404A,A9476G,A9482G,C9500T,A9542G,G9562A,A9578G,G9584A,A9623G,A9641G,C9642T,A9647G,C9680T,A9697G,A9698G,C9707T,T9734C,T9740C,A9791G,C9845T,G9860A,T9974C,G9975A,C10028T,G10061A,G10154A,G10196A,A10214G,C10238T,C10256T,A10259G,A10271G,T10283C,G10286A,C10322T,C10327A,G10349A,C10370T,C10376T,A10427G,T10448C,C10463T,C10482T,T10520C,A10556G,C10613T,C10634T,A10679G,G10682A,A10692C,T10694C,C10700T,C10708T,C10712T,G10727C,G10733A,C10737T,C10742T,C10754T,C10757T,C10778T,T10796C,G10802A,C10808T,T10844C,C10847T,C10914T,T10943C,A10953G,C10967A,T10970C,G10982A,G10991A,C11000T,A11018G,A11081C,T11099C,C11126T,A11168G,G11192A,A11198G,T11207C,A11225G,G11237A,G11276A,C11312T,A11333G,T11348C,C11363T,C11375T,C11381T,A11423G,A11486G,C11519A,A11521G,G11567A,C11579T,T11651C,C11652T,C11660T,T11661C,A11663G,T11688C,C11735T,T11745C,T11750C,T11765C,T11777C,C11786T,C11858T,A11891G,C11900T,C11903T,G11957A,T11961C,T11966C,C11969T,A11987G,C11999T,G12017A,C12041T,G12044A,A12050G,A12053G,T12069C,A12083C,A12098G,T12104C,T12137C,G12140A,T12143C,T12212C,A12251T,A12297G,A12305G,G12323A,T12458C,C12512T,T12530C,C12572T,C12581T,C12611T,C12641T,A12671G,A12695G,G12752A,T12809C,C12938T,G12953A,G12992A,C13002T,T13008C,G13019A,G13024A,A13040G,T13064C,T13094C,T13133C,T13145C,A13151G,A13199G,G13241A,T13281C,G13287A,G13319A,C13353T,C13367T,A13415G,A13436G,C13448T,C13457T,C13472T,C13499T,C13502T,C13526T,G13532A,C13559T,A13563C,G13655A,C13682T,A13694G,T13715C,C13721T,C13754T,G13781A,C13790T,C13871T,A13883G,C13934T,G13982A,G14012A,A14024G,T14045C,G14123A,T14246C,C14316T,A14360G,T14363C,A14390G,A14441G,T14483C,G14555A,T14571C,A14582G,T14625C,T14631C,C14700T,G14702A,T14789C,C14808T,T14850C,A14858G,C14951T,T14957C,A15011G,C15036A,C15047T,A15062G,T15068C,A15098G,G15131A,C15171T,G15182A,A15191G,C15194T,T15197G,A15206G,T15219C,C15251T,G15263A,G15362A,C15395T,C15397T,A15417C,G15428T,C15431T,C15434T,T15446A,T15456A,C15457A,T15459A,C15460T,C15469T,T15475A,G15476A,G15490A,C15495T,G15503A,T15507C	5005			C:K10R,C:Q38P,C:M48I,C:K62N,C:P63L,C:T67I,C:Q73R,C:G84R,Cp:K25R,Cp:Q53P,Cp:M63I,Cp:K77N,Cp:P78L,Cp:T82I,Cp:Q88R,Cp:G99R,F:K3N,F:F8L,F:E26D,F:L163F,F:T249I,F:T493K,F:S495G,F:M500I,F:I508V,F:V526I,F:H532N,F:V536I,F:R546K,F:G551S,F:N553H,HN:K4R,HN:N8I,HN:T42A,HN:T45A,HN:V46T,HN:F49L,HN:I70T,HN:M76V,HN:I82T,HN:E126K,HN:R131K,HN:S151T,HN:T187S,HN:Q214K,HN:N332D,HN:I335V,HN:D349N,HN:N355S,HN:R356N,HN:T358P,HN:N443K,HN:K448N,HN:A450T,HN:E453R,HN:Q461P,HN:Y466F,HN:R468K,HN:E514K,HN:V524G,HN:Q525K,HN:A553T,HN:L558F,HN:I570V,L:Q4P,L:G144R,L:P158S,L:C264Y,L:K309R,L:A402T,L:A519E,L:N641H,L:A646V,L:P715S,L:T728A,L:K917R,L:I1176V,L:R1418K,L:V1506I,L:N1598H,L:I2142M,L:T2209I,L:I2216L,M:V38I,M:R207K,M:A293T,M:R347K,N:N105S,N:I139V,N:I293L,N:V430A,N:T442A,N:M450I,N:I454T,N:S455N,N:R462H,N:T477I,N:R493K,N:N498S,N:T503I,P:A18T,P:G52S,P:P62S,P:S63P,P:A66S,P:N70D,P:G87E,P:G89R,P:I90V,P:S95G,P:I111V,P:R132G,P:S140P,P:P141S,P:L151S,P:S162F,P:R179G,P:T181A,P:P182S,P:G189S,P:S201G,P:P217L,P:S246N,P:E255G,P:N256D,P:L260F,P:T267I,P:S268G,P:S279P,P:A281T,P:P283Q,P:K284R,P:R293K,P:N316S,P:E319G,P:S321G,P:S324P,P:K365Q,P:I376L,P:N401D,P:N440D,P:P441S,P:G473S,P:K491R,P:N498Y,P:R533K,P:V534A,Y1:Q15P,Y1:M25I,Y1:K39N,Y1:P40L,Y1:T44I,Y1:Q50R,Y1:G61R,Y2:Q9P,Y2:M19I,Y2:K33N,Y2:P34L,Y2:T38I,Y2:Q44R,Y2:G55R			G15502A		A293G,G470A,A1223G,G1895A,C2776T,T3376C,C3613T,G4277A,T4286C,C5331T,C5438T,A6609G,A7172G,C7911T,C8978T,A11333G,A14441G,T15446A	1	0	18	19	1-50,4925-4968,6879-6908,15510-15600	HN:1-2		3500	0	good	215	15	0	good	0	100	16	16	good	24		0	good	0		0		0	0	good		0	0	good	0				
0	m2-gnDemF	dummy	448.592400	bad	300	0	0	0	6854	0	75	0	0	1988	38746	1	15600	0.5606410256410257	false	T200C,C221A,C308T,C365T,T374C,G377A,T401C,A433G,A455G,T524C,A534G,G584A,T651C,A659G,G722A,T734C,C743T,T773C,A824G,G830A,C848T,T858C,A917G,C969T,T983C,A996C,T1005C,G1007A,A1085T,C1133T,T1157C,G1166A,C1205T,C1206T,G1313A,G1340C,G1349A,T1352C,T1367C,C1394T,T1408C,T1520C,A1541G,C1549T,T1553C,G1874A,A1882G,C1916T,T1949C,A1966C,G1997A,A2017G,C2027T,G2039T,C2053T,A2071G,G2103A,G2108A,A2111G,A2117G,A2126G,G2171A,A2174G,C2199T,T2261C,C2264T,A2273G,C2328T,A2378G,C2387T,G2408A,C2485T,A2872G,C3469T,T3475C,G3478A,C3482A,G3514A,C3520T,T3734C,A3830G,T3845C,T3866C,A3896G,T3972C,C3992T,A4010G,T4019C,A5123G,T5127C,A5153G,A5165T,T5253C,A5264C,C5271T,T5339C,T5384C,T5408C,T5444C,A5477G,G5486A,C5489A,T5496C,T5543C,C5552T,C5574T,G5615A,T5685C,C5918T,C6026T,C6062T,G6104A,T6194C,A6212G,C6233A,G6248A,G6316A,T6323C,C6329T,C6347T,A6356T,A6398G,C6401T,T6407C,T6467C,T6468C,G6500A,C6506T,C6565A,T7047C,C7061A,A7082G,A7085G,T7111C,A7145G,T7147C,C7205T,G7294A,A7297G,A7319G,C7325T,T7331C,C7349A,T7353A,T7355C,C7370T,G7394A,C7418T,C7532T,A7553G,C7652T,C7658T,G7667A,T7706C,G7796A,G8305A,T8309C,T8357C,T8360C,G8522A,G8559A,A9623G,A9641G,C9642T,A9647G,C9680T,A9698G,A9791G,C9923A,C9939T,T9974C,G9975A,C10463T,A10508G,C10574T,G10802A,C10808T,T10898C,C10914T,C10967A,A11018G,A11054G,G11069T,A11081C,T11099C,C11114T,C11126T,A11147G,C11156T,G11276A,T11348C,C11363T,C11375T,C11381T,A11573G,C11579T,T11661C,A11663G,T11688C,T11745C,T11750C,T11765C,T11777C,C11786T,C11858T,C11900T,T11961C,T11966C,C11999T,A12098G,T12104C,G12134A,T12137C,T12143C,A12297G,A12305G,A12320G,G12323A,C12512T,C12572T,C12611T,C12641T,A12671G,A12695G,G12743A,G12752A,T12809C,C12938T,G12953A,G12992A,C13002T,T13008C,G13019A,G13024A,A13040G,T13094C,T13133C,T13145C,A13151G,A13199G,T13214C,T13221C,G13241A,T13281C,G13287A,G13319A,C13353T,A13436G,T13439C,C13448T,T13462C,C13499T,C13502T,C13526T,G13532A,C13559T,A13563C,G13643A,G13655A,C13682T,A13694G,T13715C,C13721T,C13754T,G13781A,C13790T,C13871T,C13881T,A13883G,C13934T,G14012A,A14024G,T14045C,G14123A,T14246C,T14331C,A14360G,T14363C,G14366A,A14390G,G14507T,A14519G,C14534T,G14555A,T14571C,A14582G,T14625C,T14631C,C14700T,G14702A,A14858G,C14951T,T14957C,A15011G,G15029A,G15131A,C15239T,C15251T,G15263A,G15362A				C:K10R,C:Q38P,C:M48I,C:K55R,C:K62N,C:T67I,C:Q73R,C:G84R,Cp:K25R,Cp:Q53P,Cp:M63I,Cp:K70R,Cp:K77N,Cp:T82I,Cp:Q88R,Cp:G99R,F:E26D,F:L163F,F:R410K,F:T493K,HN:F49L,HN:I60M,HN:I70T,HN:I82T,HN:R131K,HN:Q132R,HN:S151T,HN:R468K,HN:A553T,L:A402T,L:P715S,L:I1176V,L:R1418K,L:V1506I,L:I1564T,L:N1598H,N:N105S,N:I139V,N:I293L,N:V430A,N:T477I,P:D11N,P:L25F,P:G52S,P:P62S,P:A66S,P:G87E,P:G89R,P:I90V,P:R92G,P:S95G,P:G110S,P:I111V,P:T119I,P:S140P,P:P141S,P:R144G,P:S162F,P:R179G,P:P182S,P:G189S,Y1:Q15P,Y1:M25I,Y1:K32R,Y1:K39N,Y1:T44I,Y1:Q50R,Y1:G61R,Y2:Q9P,Y2:M19I,Y2:K26R,Y2:K33N,Y2:T38I,Y2:Q44R,Y2:G55R					C1916T,C2199T,A2872G,G3478A,T4019C,T13462C	0	0	6	6	1-197,204-210,1234-1241,1256-1296,1409,1417-1506,1578-1810,2041,2294-2311,2506-2514,2516-2843,2907-3331,3335-3375,3384-3447,3450-3461,3515-3518,3522-3532,3536-3695,3702-3719,3738-3762,3994-3997,4075-5118,5606-5609,5635-5642,5804-5854,5860-5864,5867-5904,5932-5969,5979-5994,6280-6283,6287-6288,6293-6297,6309,6340-6341,6478-6486,6501-6502,6512-6525,6587-7041,7127-7129,7135,7185-7204,7207-7239,7403-7414,7422-7476,7481-7522,7597-7598,7604-7607,7612-7643,7708-7784,7826-7848,7850-8037,8046-8189,8202-8301,8336-8352,8389-8517,8525-8558,8573-9234,9237-9240,9243-9245,9320-9407,9426-9443,9470-9510,9518-9622,9702-9778,9841-9844,9855-9868,9873-9903,9986-10070,10108-10111,10116-10208,10214,10227-10228,10232-10233,10238-10259,10270-10395,10406-10429,10439,10448-10449,10459-10460,10467-10496,10504-10506,10571,10576-10791,10793-10800,10813-10816,10818-10854,10875-10877,10891-10895,10928-10953,10970-11012,11014,11167-11201,11208-11238,11495-11527,11729-11741,11778-11780,11823-11826,11868-11878,11901-11903,12001-12058,12060-12063,12065-12089,12521-12534,12699-12703,12709-12710,12717-12741,12870-12924,13953-13998,14312-14313,14772-14779,14782-14836,14850-14857,15036,15041-15050,15163-15222,15297,15302-15333,15342-15353,15371-15378,15393-15410,15428-15600	N:1-26,N:29-31,N:372-374,N:380-393,N:433-463,N:487-525,Cp:1,Cp:78,Cp:162-168,P:151-156,P:221-334,P:355-496,P:498-511,P:514-540,P:558-563,P:565-569,C:63,C:147-153,Y1:40,Y1:124-130,Y2:34,Y2:118-124,M:1-9,M:12-17,M:24-32,M:109-110,M:136-349,F:1-11,F:173-174,F:183-185,F:240-256,F:258-273,F:282-294,F:298-303,F:398-404,F:408,F:418,F:464-467,F:472,F:476-480,F:500-556,HN:1-47,HN:76,HN:78,HN:95-113,HN:168-171,HN:174-192,HN:194-207,HN:232,HN:234-235,HN:237-247,HN:269-294,HN:308-379,HN:382-429,HN:434-467,HN:478-484,HN:496-539,HN:541-552,HN:558-576,L:1-158,L:183-212,L:219-224,L:234-247,L:249-284,L:311-336,L:357-358,L:362-366,L:368-378,L:405-433,L:446-447,L:449-479,L:481,L:486,L:488,L:490-496,L:500-542,L:545-553,L:556,L:559-560,L:563,L:566-575,L:578-579,L:602-677,L:681-695,L:702,L:707-708,L:719-728,L:733-748,L:799-810,L:813-823,L:908-919,L:987-990,L:1003,L:1018-1019,L:1033-1036,L:1044,L:1077-1106,L:1251-1255,L:1310-1311,L:1313,L:1316-1324,L:1367-1385,L:1728-1743,L:1848,L:2001-2022,L:2027-2029,L:2089-2093,L:2131-2151,L:2176-2188,L:2191-2194,L:2201-2203,L:2208-2213,L:2220-2224		3500	211.800000	bad	6854	15	0	good	0	100	-2	0	good	6		0	good	0		0		0	0	good		0	0	good	0				
2	m2-L3ukKo	dummy	606.996900	bad	269	0	0	0	7889	0	50	0	0	2483	37835	1	15600	0.4942948717948718	false	C125T,G128A,C146T,T152C,T155C,A164G,T200C,C221A,G251A,C308T,C365T,T374C,G377A,T401C,A433G,A455G,G515A,T524C,A534G,G584A,T651C,A659G,C743T,T773C,A824G,G830A,C848T,T858C,A917G,C969T,T983C,A996C,T1005C,G1007A,A1085T,C1133T,T1157C,G1166A,T1238C,G1259A,T1283C,G1295A,G1313A,G1340C,T1352C,T1520C,G1874A,A1882G,T1949C,C1954T,A1966C,G1997A,G2171A,A2174G,T2261C,C2264T,A2273G,C2294T,C2328T,A2378G,C2387T,G2408A,T2479C,C2485T,G3666A,T3734C,C3752T,A3803G,A3830G,T3845C,T3866C,A3896G,C3941T,A4010G,A4130G,T4136A,G4172A,C4421T,A4430G,C4526T,A4529G,A4535T,A4541G,C4553T,T4559C,A4613G,T4628C,C4637T,T4661C,C4691T,A5165T,T5253C,A5264C,T5339C,G5615A,T5685C,C5744T,G5879A,G5885A,C5918T,C6026T,C6062T,T6194C,A6212G,C6233A,G6248A,G6281A,G6316A,T6323C,C6341T,C6347T,A6356T,A6398G,C6401T,T6407C,G6500A,C6506T,A6512T,C6518T,G6524A,C6565A,G6587T,C6602T,A6603G,T6983C,G7294A,A7297G,A7319G,C7325T,T7331C,C7370T,C7376T,G7394A,C7418T,C7460T,A7461T,T7481C,A7547C,A7553G,T7706C,C7724T,C7745T,G7796A,G7868A,A7889G,A7896G,A7905G,T7907C,G7916A,G7947A,T7982C,T8270A,A8284C,A8299T,G8305A,T8309C,T8336C,A8351T,T8357C,T8360C,C8399T,A8981G,A8993G,A9001G,C9243T,A9366G,A9476G,A9482G,A9509G,A9542G,G9562A,G9566A,A9578G,G9584A,A9623G,C10370T,T10412C,T10448C,A10460G,C10463T,C10482T,A10484G,C10574T,T10580C,C10613T,A11018G,A11147G,C11156T,A11168G,C11189A,A11198G,G11276A,T11348C,C11363T,C11375T,C11381T,T11495A,C11519A,A11521G,A11573G,C11579T,C11900T,C11903T,T11961C,T11966C,C11999T,G12017A,C12041T,G12044A,A12098G,T12104C,G12119A,G12134A,T12137C,T12143C,A12297G,A12305G,A12320G,G12323A,A12491G,C12512T,T12530C,C12572T,A12605G,C12611T,C12641T,A12671G,A13199G,T13214C,T13221C,G13241A,T13281C,G13287A,G13319A,C13353T,A13436G,T13439C,C13448T,C13499T,C13502T,C13526T,G13532A,C13559T,A13563C,C13682T,A13694G,C13934T,G13982A,T13988C,G14012A,A14024G,T14045C,G14123A,T14246C,T14331C,A14360G,T14363C,G14366A,A14390G,T14483C,G14507T,A14519G,C14534T,G14555A,T14571C,A14582G,T14631C,C14951T,G15263A				C:K10R,C:P34L,C:Q38P,C:M48I,Cp:K25R,Cp:P49L,Cp:Q53P,Cp:M63I,F:E26D,F:R410K,F:T493K,F:M500I,F:I506V,HN:R131K,HN:Q132R,HN:T187S,HN:N332D,HN:I335V,HN:D349N,HN:Q461P,HN:Y466F,HN:R468K,L:K77R,L:P158S,L:N199D,L:C264Y,L:K917R,L:I1176V,L:V1506I,L:N1598H,N:N105S,N:I139V,N:I293L,P:D11N,P:G52S,P:G110S,P:I111V,P:S140P,P:P141S,P:R144G,P:S162F,P:R179G,P:P182S,P:G189S,Y1:P11L,Y1:Q15P,Y1:M25I,Y2:P5L,Y2:Q9P,Y2:M19I			C7517T		G251A,C1954T,T4136A,C5744T,C7724T,T7907C,G12119A,A12605G	1	0	8	9	1-116,722-729,733-738,755-769,1172-1237,1347-1351,1358-1483,1504-1506,1538-1850,1859-1868,2002-2030,2037-2130,2285,2295,2470-2472,2480,2488-2849,2920-2921,2923-3658,3674,3951-3997,4146-4148,4160-4167,4185-4304,4312-4314,4323-4341,4343-4356,4361-4395,4400-4404,4484,4489-4493,4692-4693,4696-5162,5169-5170,5269-5284,5359-5392,5401-5503,5507-5512,5538-5584,5594-5603,5780-5873,5901,5929-5995,6000-6014,6070-6114,6284-6301,6329-6331,6465-6489,6571,6575-6583,6608-6974,7014-7230,7338-7355,7476,7594-7679,7766-7779,7815-7833,7835-7841,7876-7877,7918-7926,7952-7981,8001-8265,8402-8493,8503-8898,8900,8997-8999,9004,9026-9030,9032-9072,9083-9095,9147-9232,9295-9296,9303-9312,9372-9405,9632-9993,10020-10033,10035-10080,10091-10360,10505-10543,10618-10859,10897-11013,11015-11017,11050-11132,11196,11207-11230,11232-11260,11263,11271-11275,11355-11361,11384-11396,11398-11405,11480-11491,11500-11512,11659-11689,11694-11696,11709-11793,11836-11894,12053-12058,12060-12092,12684-13197,13597-13657,13707-13833,13837-13888,14610-14630,14700-14724,14727-14740,14752,14757-14873,14923-14940,14953-15257,15287-15326,15330-15367,15393-15600	N:201-207,N:213-217,N:352-373,N:410-411,N:414-455,N:462-463,N:473-525,Cp:1-14,Cp:18-20,Cp:65-74,Cp:77-108,Cp:159,Cp:163,P:1-3,P:6-9,P:53-63,P:65-96,P:148,P:151,P:210,P:213,P:216-336,P:359-569,C:3-5,C:50-59,C:62-93,C:144,C:148,Y1:27-36,Y1:39-70,Y1:121,Y1:125,Y2:21-30,Y2:33-64,Y2:115,Y2:119,M:95-110,M:160,M:164-167,M:173-212,M:215-216,M:219-246,M:272,M:274-275,M:342-349,F:1-25,F:28,F:61-66,F:91-102,F:105-139,F:141-142,F:151-166,F:170-172,F:231-262,F:272,F:281-303,F:305-309,F:328-343,F:400-405,F:414-415,F:460-468,F:495,F:497-499,F:508-556,HN:1-24,HN:38-110,HN:146-151,HN:192,HN:231-259,HN:288-293,HN:305-313,HN:325,HN:339-342,HN:351-360,HN:367-455,HN:501-531,HN:534-576,L:1-43,L:76,L:78,L:86-101,L:105-108,L:126-154,L:175,L:178-181,L:201-212,L:287-408,L:417-437,L:441-530,L:578-591,L:616-696,L:709-749,L:760-787,L:809,L:812-831,L:834-835,L:862-864,L:871-878,L:904-907,L:910-914,L:963-973,L:975,L:980-1008,L:1022-1041,L:1095-1107,L:1305-1476,L:1609-1629,L:1646-1706,L:1947-1953,L:1977-1990,L:1994,L:1996-2034,L:2051-2057,L:2061-2162,L:2172-2185,L:2187-2199,L:2208-2224		3500	246.300000	bad	7889	15	0	good	0	100	6	6	good	14		0	good	0		0		0	0	good		0	0	good	0				
66	51607_1_95|31.03.2025|Switzerland|SZ	dummy	31.360000	mediocre	769	1	1	0	2	0	161	0	0	0	43707	1	15600	0.9998717948717949	false	G13A,A107T,T108A,T112C,T113C,C125T,C146T,T152C,T155C,A164G,C221A,A239G,C308T,C365T,T374C,A383G,T401C,A433G,A455G,C491T,T524C,A534G,G584A,T651C,A659G,G722A,T734C,C743T,G746A,T773C,A782G,A824G,G830A,T858C,G959A,C969T,A977G,T983C,A996C,T1005C,C1088T,C1133T,T1157C,G1166A,C1205T,C1206T,T1238C,A1265G,T1283C,G1313A,G1331A,G1340A,G1349A,T1352C,T1367C,C1394T,T1408C,C1409A,T1418C,C1425A,G1436A,A1443G,C1451T,T1457C,G1469A,G1478C,T1480C,G1483A,G1504A,T1520C,C1549T,T1553C,G1597A,G1607A,A1612G,T1616C,C1627T,C1643T,G1649A,C1702A,G1716A,C1777A,C1779T,C1782T,A1882G,T1949C,A1966C,G1997A,C2027T,T2030C,G2039T,C2041T,A2051G,C2053T,A2071G,G2103A,G2108A,A2126G,A2144G,A2174G,A2237G,T2261C,C2264T,C2294T,T2295C,C2328T,A2378G,A2384G,C2387T,G2408A,C2493T,G2497A,G2580A,A2607G,A2609G,T2611C,C2621T,C2629T,C2643T,A2645G,A2659G,T2678C,G2684A,C2691A,A2694G,G2721A,C2749T,T2758C,C2770T,C2785A,A2790G,G2797A,A2799G,A2804G,T2813C,G2815A,C2818T,A2836G,A2860G,T2908C,A2920G,A2936C,A2969C,A2971C,A3044G,C3052T,C3064T,C3073T,G3076A,A3085G,C3112T,C3121T,C3127T,T3142C,A3161G,T3163C,C3164T,T3175C,G3181A,C3211T,G3217A,A3223G,C3238T,A3250G,G3260A,A3265G,C3280T,T3281C,G3301A,A3315G,T3319C,G3322A,A3335T,G3346A,C3354T,C3370T,T3418C,G3441A,T3444C,G3454A,C3469T,T3475C,C3482A,G3514A,C3520T,C3529T,G3555A,T3560C,C3592T,C3598T,C3603A,G3609A,C3610T,T3611C,G3654A,A3662T,G3666A,T3734C,G3780A,A3830G,T3845C,A3896G,C3941T,C3983T,C3992T,A4010G,A4130G,C4160T,G4172A,T4187C,A4199G,T4208C,T4217C,G4268A,C4275T,G4288A,G4304A,C4325T,A4376T,G4400A,A4430G,C4484T,C4526T,A4541G,G4545A,C4553T,T4559C,T4580C,A4613G,T4628C,C4637T,G4652A,T4661C,C4691T,G4708A,T4719C,T4731C,T4757C,T4763C,T4771C,C4783A,C4825T,T4828C,T4836C,G4840A,A4850C,T4863C,T4869A,A4880G,G4897A,G4906A,T4914C,A4925G,A4926G,C4927G,C4933A,A4934G,A4957G,G4958A,G4963C,T4977C,A4982T,A4994G,A4998G,G5003T,C5005A,G5009C,C5011T,G5018T,T5036C,T5037C,A5045G,C5060T,T5062A,A5087G,A5096T,T5109C,C5111A,A5123G,T5127C,T5145C,A5153G,A5165C,T5253C,A5264C,C5271T,T5384C,T5408C,C5465T,A5477G,G5486A,C5489A,T5496C,T5501C,T5543C,C5574T,G5681A,T5685C,C5777A,C5833T,G5840A,G5879A,G5885A,C5918T,C5966T,G5969A,T5996C,T6002C,C6062T,A6074G,A6095G,G6104A,T6110C,T6146C,G6170A,G6182A,T6194C,A6212G,C6230T,C6233A,G6248A,T6254C,G6281A,T6323C,C6329T,C6341T,C6347T,A6356T,C6383T,A6398G,C6401T,T6467C,G6500A,C6506T,C6518T,G6524A,C6565A,A6570G,T6572C,G6587C,C6602T,T6650C,G6663A,T6671C,T6674C,C6681A,T6686C,G6693A,G6724A,A6725G,T6728C,G6738A,T6740C,A6744C,T6782C,C6791T,C6800A,A6814T,C6816T,G6823A,C6828T,A6829G,C6831T,T6866C,T6872C,T6874C,G6884A,C6889T,T6892C,C6897T,A6913G,A6925T,T6929C,C6956T,T6959C,C6971T,T6983C,C7004T,A7026G,A7035G,G7038A,T7039C,T7041C,T7047C,C7061A,A7085G,T7111C,C7127T,A7128G,T7147C,A7187G,C7199T,C7232T,A7244G,G7278A,G7294A,A7319G,C7325T,C7337T,C7349A,T7353A,T7355C,G7361T,C7370T,T7373C,G7394A,C7418T,T7451A,C7460T,A7461T,T7481C,C7538T,C7542A,T7556C,C7598T,C7658T,T7706C,C7724T,C7745T,G7751A,T7769C,G7796A,G7868A,A7889G,A7896G,A7905G,G7916A,C7919T,T7934C,G7947A,T7952C,A7966G,G7969A,A7970C,A7974C,A8102T,C8123T,T8138G,T8156C,T8217C,A8219G,C8231A,A8246T,G8250A,T8258C,G8259A,A8260G,T8270A,A8284C,A8299T,C8303T,G8305A,T8336C,A8351T,C8399T,C8417T,G8442A,T8447C,G8468A,T8473G,C8475A,C8478T,G8483A,A8504G,G8522A,G8559A,A8576C,A8610G,A8639G,A8641G,C8643T,C8644T,C8647G,A8660G,G8664T,C8670A,G8677A,G8680A,C8697T,G8701A,A8706G,A8782C,G8831A,C8834T,A8846T,T8858A,C8870T,T8882C,C8894T,T8909C,A8981G,A8993G,T9035C,T9063C,G9164A,A9200G,G9201A,G9227A,C9243T,C9374T,T9400C,T9401C,G9404A,A9476G,A9482G,C9500T,A9542G,G9562A,A9578G,G9584A,T9597C,C9605T,A9623G,A9641G,C9642T,A9647G,C9680T,A9697G,A9698G,C9707T,T9734C,T9740C,A9758G,A9791G,C9845T,G9860A,T9974C,G9975A,C10028T,G10061A,G10154A,G10196A,A10214G,C10238T,C10256T,A10259G,A10271G,T10283C,G10286A,T10310C,C10322T,C10327A,G10349A,C10370T,A10427G,T10448C,C10463T,C10482T,A10484G,T10506C,T10520C,A10556G,C10613T,C10634T,A10676G,G10682A,A10692C,C10700T,C10708T,C10712T,G10727C,G10733A,C10737T,C10742T,C10754T,C10757T,C10778T,T10796C,G10802A,C10808T,T10844C,C10847T,C10914T,A10953G,C10967A,T10970C,G10982A,G10991A,C11000T,A11018G,A11081C,T11093C,T11099C,C11126T,C11156T,A11165G,A11168G,G11192A,A11198G,T11207C,A11225G,G11237A,G11276A,C11312T,T11348C,C11363T,C11375T,C11381T,A11486G,G11510A,C11519A,A11521G,G11567A,C11579T,T11651C,C11652T,C11660T,T11661C,A11663G,T11688C,G11714T,C11735T,T11745C,T11750C,T11765C,T11777C,C11786T,C11858T,A11891G,C11900T,C11903T,G11957A,T11961C,T11966C,C11969T,A11987G,C11999T,G12017A,C12041T,G12044A,A12050G,T12069C,A12083C,A12098G,T12104C,T12137C,G12140A,T12143C,G12179A,T12212C,A12251T,A12297G,A12305G,A12320G,G12323A,T12458C,C12512T,T12530C,C12572T,C12611T,C12641T,A12671G,A12695G,G12752A,T12809C,C12938T,G12953A,G12992A,C13002T,T13008C,G13019A,G13024A,C13037T,A13040G,T13064C,T13094C,T13133C,C13139T,T13145C,A13151G,A13199G,G13241A,T13281C,G13287A,G13319A,C13353T,C13367T,A13415G,A13436G,C13448T,C13457T,C13472T,C13499T,C13502T,C13526T,G13532A,C13559T,A13563C,G13616A,G13655A,C13682T,A13694G,T13715C,C13721T,C13754T,G13781A,C13790T,C13871T,A13883G,C13934T,G13982A,G14012A,A14024G,T14045C,G14123A,T14246C,A14360G,T14363C,A14390G,T14483C,G14555A,T14571C,A14582G,A14612G,T14625C,T14631C,C14684T,C14700T,G14702A,T14789C,C14808T,T14850C,A14858G,C14951T,T14957C,A15011G,C15036A,C15047T,A15062G,T15068C,T15083C,G15131A,C15171T,G15182A,A15191G,C15194T,T15197G,A15206G,T15219C,C15251T,G15263A,T15302C,G15362A,C15395T,C15397T,A15417C,G15428T,C15431T,C15434T,T15456A,C15457A,T15459A,C15460T,C15469T,T15475A,G15476A,G15490A,C15495T,A15502G,G15503A,T15507C,T15517C,C15520A,C15530T,G15534T,T15546A,C15548A,C15551A,G15576A	5007	4927:G		C:K10R,C:Q38P,C:M48I,C:K62N,C:P63L,C:T67I,C:Q73R,C:G84R,Cp:K25R,Cp:Q53P,Cp:M63I,Cp:K77N,Cp:P78L,Cp:T82I,Cp:Q88R,Cp:G99R,F:K3N,F:F8L,F:E26D,F:L163F,F:T249I,F:T493K,F:S495G,F:M500I,F:V526I,F:H532N,F:V536I,F:R546K,F:G551S,F:N553H,HN:K4R,HN:N8I,HN:T42A,HN:T45A,HN:V46T,HN:F49L,HN:I70T,HN:M76V,HN:I82T,HN:E126K,HN:R131K,HN:S151T,HN:T187S,HN:Q214K,HN:N332D,HN:I335V,HN:D349N,HN:N355S,HN:R356N,HN:T358P,HN:N443K,HN:K448N,HN:A450T,HN:E453R,HN:Q461P,HN:Y466F,HN:R468K,HN:E514K,HN:V524G,HN:Q525K,HN:A553T,HN:L558F,HN:I570V,L:Q4P,L:G144R,L:P158S,L:I210T,L:C264Y,L:K309R,L:I329M,L:A402T,L:A519E,L:N641H,L:A646V,L:P715S,L:T728A,L:K917R,L:I1176V,L:R1418K,L:V1506I,L:N1598H,L:I2142M,L:T2209I,L:I2216L,M:V38I,M:R207K,M:A293T,M:R347K,N:N105S,N:I139V,N:I293L,N:V430A,N:T442A,N:M450I,N:I454T,N:S455N,N:R462H,N:T477I,N:R493K,N:N498S,N:T503I,P:G52S,P:P62S,P:S63P,P:A66S,P:N70D,P:G87E,P:G89R,P:S95G,P:T101A,P:I111V,P:R132G,P:S140P,P:P141S,P:L151S,P:S162F,P:R179G,P:T181A,P:P182S,P:G189S,P:P217L,P:S246N,P:E255G,P:N256D,P:L260F,P:T267I,P:S268G,P:S279P,P:A281T,P:P283Q,P:K284R,P:R293K,P:N316S,P:E319G,P:S321G,P:S324P,P:K365Q,P:I376L,P:N401D,P:N440D,P:P441S,P:G473S,P:K491R,P:N498Y,P:A504V,P:R533K,P:V534A,Y1:Q15P,Y1:M25I,Y1:K39N,Y1:P40L,Y1:T44I,Y1:Q50R,Y1:G61R,Y2:Q9P,Y2:M19I,Y2:K33N,Y2:P34L,Y2:T38I,Y2:Q44R,Y2:G55R			G2111A,G4529A,C5339T,G5459A,G10679A,C10943T,C15545T		A2144G,G2497A,C3354T,C3529T,G4933A,G5003T,C5005A,G6170A,T6254C,G7361T,C8670A,T10310C,T10506C,T11093C,C11156T,G11714T,C13139T,G13616A,C14684T,T15083C,T15302C,G15576A	7	0	22	29	15599-15600			3500	0	good	2	15	0	good	0	100	56	56	mediocre	64		0	good	0		0		0	0	good		0	0	good	0				
67	51607_2_30|28.03.2025|Switzerland|SZ	dummy	26.454444	good	774	2	0	0	15	1	165	0	0	0	43677	1	15600	0.9989743589743589	false	G13A,A107T,T108A,T112C,T113C,C125T,C146T,T152C,T155C,A164G,A197G,C221A,A239G,C308T,C365T,T374C,A383G,T401C,A433G,A455G,C491T,T524C,A534G,C536A,G575A,G584A,T651C,A659G,G722A,T734C,C743T,G746A,T773C,A782G,A824G,G830A,T858C,G959A,C969T,A977G,T983C,A996C,T1005C,C1029T,C1088T,C1133T,T1157C,G1166A,C1205T,C1206T,T1238C,A1265G,T1283C,G1313A,G1331A,G1340A,G1349A,T1352C,T1367C,C1394T,T1408C,C1409A,T1418C,C1425A,G1436A,A1443G,C1451T,T1457C,G1469A,G1478C,T1480C,G1483A,G1504A,T1520C,C1549T,T1553C,G1597A,G1607A,A1612G,T1616C,C1627T,C1643T,G1649A,C1702A,G1716A,C1777A,C1779T,C1782T,A1882G,T1949C,A1966C,G1997A,C2027T,T2030C,G2039T,C2041T,A2051G,C2053T,T2069C,A2071G,G2103A,G2108A,A2111G,A2126G,A2174G,A2237G,T2261C,C2264T,C2294T,T2295C,C2298A,C2328T,A2378G,A2384G,C2387T,G2408A,C2493T,G2580A,A2607G,A2609G,T2611C,C2621T,C2629T,C2643T,A2645G,A2659G,T2678C,G2684A,C2691A,A2694G,G2721A,C2749T,T2758C,T2767C,C2770T,C2785A,A2790G,G2797A,A2799G,A2804G,T2813C,G2815A,C2818T,A2836G,A2860G,T2908C,A2920G,A2936C,A2969C,A2971C,A3044G,C3052T,C3064T,C3073T,G3076A,A3085G,C3112T,C3121T,C3127T,T3142C,A3161G,T3163C,C3164T,T3175C,G3181A,C3211T,G3217A,A3223G,C3238T,A3250G,C3254T,G3260A,A3265G,C3280T,T3281C,G3301A,A3315G,T3319C,G3322A,A3335T,G3346A,C3370T,T3418C,G3441A,T3444C,G3454A,C3469T,T3475C,C3482A,A3488G,A3489G,C3490T,G3514A,C3520T,G3555A,T3560C,C3592T,C3598T,C3603A,G3609A,C3610T,T3611C,G3654T,A3662T,G3666A,T3734C,G3780A,A3830G,C3831T,T3845C,A3896G,C3941T,C3983T,C3992T,A4010G,A4130G,C4160T,G4172A,T4187C,A4199G,T4208C,T4217C,G4268A,C4275T,G4288A,G4304A,C4325T,A4376T,G4400A,A4430G,C4484T,C4526T,A4529G,A4541G,G4545A,C4553T,T4559C,T4580C,A4613G,T4628C,C4637T,G4652A,T4661C,C4691T,G4708A,T4719C,T4731C,T4750C,T4757C,T4763C,T4771C,C4783A,C4825T,T4828C,T4836C,G4840A,A4850C,T4863C,T4869A,A4880G,G4897A,G4906A,T4914C,C4933G,A4934G,A4957G,G4958A,G4963C,T4977C,A4982T,C4988T,A4994G,A4998G,C5004T,G5007A,G5009C,C5011T,G5018T,T5036C,T5037C,A5045G,C5060T,T5062A,A5087G,A5096T,T5109C,C5111A,A5123G,T5127C,T5145C,A5153G,A5165C,T5253C,A5264C,C5271T,T5339C,T5384C,T5408C,A5459G,C5465T,A5477G,G5486A,C5489A,T5496C,T5501C,T5543C,C5574T,G5681A,T5685C,A5762G,C5777A,C5833T,G5840A,G5879A,G5885A,C5918T,C5966T,G5969A,T5996C,T6002C,C6062T,A6074G,A6095G,G6104A,T6110C,T6146C,G6182A,T6194C,A6212G,C6230T,C6233A,G6248A,G6281A,T6323C,C6329T,C6341T,C6347T,A6356T,C6383T,A6398G,C6401T,T6467C,G6500A,C6506T,C6518T,G6524A,C6558A,C6565A,A6570G,T6572C,G6587C,C6602T,T6650C,G6663A,T6671C,T6674C,C6681A,T6686C,G6693A,G6724A,A6725G,T6728C,G6738A,T6740C,A6744C,T6782C,C6791T,C6800A,A6814T,C6816T,G6823A,C6828T,A6829G,C6831T,T6866C,T6872C,T6874C,G6884A,C6889T,T6892C,A6913G,A6925T,T6929C,C6956T,T6959C,C6971T,T6983C,C7004T,A7026G,A7035G,G7038A,T7039C,T7041C,T7047C,C7061A,A7085G,T7111C,C7127T,A7128G,T7147C,A7187G,C7199T,C7232T,A7244G,G7278A,G7294A,A7319G,C7325T,C7337T,C7349A,T7353A,T7355C,C7370T,T7373C,G7394A,C7418T,T7451A,C7460T,A7461T,T7481C,C7538T,C7542A,T7556C,C7598T,C7658T,T7706C,C7724T,C7745T,G7751A,T7769C,G7796A,G7868A,A7889G,A7896G,A7905G,G7916A,C7919T,T7934C,G7947A,T7952C,A7966G,G7969A,A7970C,A7974C,A8102T,C8123T,T8138G,T8156C,T8217C,A8219G,C8231A,A8246T,G8250A,T8258C,G8259A,A8260G,T8270A,A8284C,A8299T,C8303T,G8305A,T8336C,A8351T,G8367A,C8399T,C8417T,G8442A,T8447C,G8468A,T8473G,C8475A,C8478T,G8483A,A8504G,G8522A,G8559A,A8576C,A8610G,A8639G,A8641G,C8643T,C8644T,C8647G,A8660G,G8664T,G8677A,G8680A,C8697T,G8701A,A8706G,A8782C,G8831A,C8834T,A8846T,T8858A,C8870T,T8882C,C8894T,T8909C,A8981G,A8993G,T9035C,T9063C,G9164A,A9200G,G9201A,G9227A,C9243T,C9374T,T9400C,T9401C,G9404A,A9476G,A9482G,C9500T,A9542G,G9562A,A9578G,G9584A,T9597C,C9605T,A9623G,A9641G,C9642T,A9647G,C9680T,A9697G,A9698G,C9707T,T9734C,T9740C,A9758G,A9791G,A9839G,C9845T,G9860A,T9974C,G9975A,C10028T,G10061A,G10154A,G10196A,A10214G,C10238T,C10256T,A10259G,A10271G,T10283C,G10286A,C10322T,C10327A,G10349A,C10370T,A10427G,T10448C,C10463T,C10482T,A10484G,T10520C,A10556G,C10613T,C10634T,A10676G,G10682A,A10692C,C10700T,C10708T,C10712T,G10727C,G10733A,C10737T,C10742T,C10754T,C10757T,C10778T,T10796C,G10802A,C10808T,T10844C,C10847T,C10914T,T10943C,A10953G,C10967A,T10970C,G10982A,G10991A,C11000T,A11018G,A11081C,T11099C,C11126T,A11165G,A11168G,C11183T,G11192A,A11198G,T11207C,A11225G,G11237A,G11276A,C11312T,T11348C,C11363T,C11375T,C11381T,G11468A,A11486G,G11510A,C11519A,A11521G,G11567A,C11579T,T11651C,C11652T,C11660T,T11661C,A11663G,T11688C,C11735T,T11745C,T11750C,T11765C,T11777C,C11786T,C11858T,A11891G,C11900T,C11903T,G11957A,T11961C,T11966C,C11969T,T11975C,A11987G,C11999T,G12017A,C12041T,G12044A,A12050G,T12069C,A12083C,A12098G,T12104C,T12137C,G12140A,T12143C,G12179A,T12212C,A12251T,A12297G,A12305G,A12320G,G12323A,T12458C,C12512T,T12530C,C12572T,C12611T,C12641T,A12671G,A12695G,G12752A,T12809C,C12938T,G12953A,G12992A,C13002T,T13008C,G13019A,G13024A,C13037T,A13040G,T13064C,T13094C,T13133C,T13145C,A13151G,A13199G,G13241A,T13281C,G13287A,G13319A,C13353T,C13367T,A13415G,A13436G,C13448T,C13457T,C13472T,C13499T,C13502T,C13526T,G13532A,C13559T,A13563C,G13655A,A13694G,T13715C,C13721T,C13754T,G13781A,C13790T,C13871T,A13883G,A13895C,C13934T,G13982A,G14012A,A14024G,T14045C,G14123A,T14246C,A14360G,T14363C,A14390G,T14483C,G14555A,T14571C,A14582G,A14612G,T14625C,T14631C,C14700T,G14702A,T14789C,C14808T,T14850C,A14858G,C14951T,T14957C,C14993T,A15011G,C15036A,C15047T,A15062G,T15068C,G15131A,C15171T,G15182A,A15191G,C15194T,T15197G,A15206G,T15219C,C15251T,G15263A,G15362A,C15395T,C15397T,A15417C,G15428T,C15431T,C15434T,T15456A,C15457A,T15459A,C15460T,C15469T,T15475A,G15476A,G15490A,C15495T,A15502G,G15503A,T15507C,T15517C,C15520A,C15530T,G15534T,T15546A,C15548A,C15551A,G15576C	4927-4928			C:K10R,C:Q38P,C:M48I,C:K62N,C:P63L,C:T67I,C:Q73R,C:G84R,Cp:K25R,Cp:Q53P,Cp:M63I,Cp:K77N,Cp:P78L,Cp:T82I,Cp:Q88R,Cp:G99R,F:K3N,F:F8L,F:E26D,F:L163F,F:T249I,F:H491N,F:T493K,F:S495G,F:M500I,F:V526I,F:H532N,F:V536I,F:R546K,F:G551S,F:N553H,HN:K4R,HN:N8I,HN:T42A,HN:T45A,HN:V46T,HN:F49L,HN:I70T,HN:M76V,HN:I82T,HN:E126K,HN:R131K,HN:S151T,HN:T187S,HN:Q214K,HN:N332D,HN:I335V,HN:D349N,HN:N355S,HN:R356N,HN:T358P,HN:N443K,HN:K448N,HN:A450T,HN:E453R,HN:Q461P,HN:Y466F,HN:R468K,HN:V489I,HN:E514K,HN:V524G,HN:Q525K,HN:A553T,HN:L558F,HN:I570V,L:Q4P,L:G144R,L:P158S,L:I210T,L:C264Y,L:K309R,L:I329M,L:A402T,L:A519E,L:N641H,L:A646V,L:P715S,L:T728A,L:K917R,L:I1176V,L:R1418K,L:V1506I,L:N1598H,L:I2142M,L:T2209I,L:I2216L,M:V38I,M:R207K,M:A293T,M:R347K,N:N105S,N:I139V,N:I293L,N:V430A,N:T442A,N:M450I,N:I454T,N:S455N,N:R462H,N:T477I,N:R493K,N:N498S,N:T503I,P:G52S,P:P62S,P:S63P,P:A66S,P:N70D,P:S76P,P:G87E,P:G89R,P:I90V,P:S95G,P:I111V,P:R132G,P:S140P,P:P141S,P:L151S,P:T152K,P:S162F,P:R179G,P:T181A,P:P182S,P:G189S,P:P217L,P:S246N,P:E255G,P:N256D,P:L260F,P:T267I,P:S268G,P:S279P,P:A281T,P:P283Q,P:K284R,P:R293K,P:N316S,P:E319G,P:S321G,P:S324P,P:K365Q,P:I376L,P:N401D,P:N440D,P:P441S,P:G473S,P:K491R,P:N498Y,P:R533K,P:V534A,P:N549G,Y1:Q15P,Y1:M25I,Y1:K39N,Y1:P40L,Y1:T44I,Y1:Q50R,Y1:G61R,Y2:Q9P,Y2:M19I,Y2:K33N,Y2:P34L,Y2:T38I,Y2:Q44R,Y2:G55R			G4925A,G4926A,T6897C,G10679A,T13682C,C15545T		A197G,C536A,G575A,T2069C,C2298A,T2767C,C3254T,A3488G,A3489G,C3490T,A3654T,C3831T,T4750C,C4988T,C5004T,-5007A,A5762G,A9839G,G11468A,A13895C,C14993T,G15576C	6	0	22	28	1-11,5002,15598-15600		K:5003	3500	0	good	15	15	6.666667	good	1	100	51	51	mediocre	59		0	good	0		0		0	0	good		0	0	good	0				
